event_id,soft_id,soft_peak,class_solexs,class_goes,soft_peak_counts,soft_sig,hard_id,hard_peak,hard_peak_counts,hard_sig,coincidence,neupert_lead_s,nonthermal_peak_counts,hardness_ratio,confidence
EVT-0001,SLX-0001,2024-09-11 06:35:17,C5.4,C5.5,241.0,12.404559521672423,HLS-0019,2024-09-11 06:33:00,138.0,49.51334596420877,True,,7.0,0.0,DUAL-CONFIRMED
EVT-0002,SLX-0002,2024-09-11 08:28:30,C4.7,C3.1,209.0,15.952481225516951,HLS-0021,2024-09-11 08:25:30,293.0,128.79751550398788,True,,10.0,0.02564102564102564,DUAL-CONFIRMED
EVT-0003,SLX-0003,2024-09-11 09:57:48,C5.9,C5.9,268.0,13.943947165399054,HLS-0023,2024-09-11 09:52:20,338.0,94.108093877909,True,,8.0,0.024691358024691357,DUAL-CONFIRMED
EVT-0004,SLX-0004,2024-09-11 11:17:19,C5.0,C4.6,222.0,15.468615468623204,HLS-0025,2024-09-11 11:14:30,312.0,115.2791642678143,True,,7.0,0.03355704697986577,DUAL-CONFIRMED
EVT-0005,SLX-0005,2024-09-11 12:36:25,M2.1,M1.8,1201.0,103.404408404864,HLS-0027,2024-09-11 12:34:00,5244.0,1698.2960578179532,True,205.0,40.0,0.003305785123966942,DUAL-CONFIRMED
EVT-0006,SLX-0006,2024-09-11 13:32:24,C7.7,C7.4,368.0,6.93097487359554,HLS-0028,2024-09-11 13:30:00,340.0,82.42308242312363,True,,7.0,0.0,DUAL-CONFIRMED
EVT-0007,SLX-0007,2024-09-11 13:57:27,M1.0,C9.1,511.0,8.687175009535737,HLS-0029,2024-09-11 13:51:50,309.0,21.84722058112699,True,,6.0,0.010416666666666666,DUAL-CONFIRMED
EVT-0008,SLX-0008,2024-09-11 15:30:19,M2.2,M1.9,1255.0,78.0271585228154,HLS-0030,2024-09-11 15:27:10,2551.0,476.6132004646355,True,,9.0,0.0033200531208499337,DUAL-CONFIRMED
EVT-0009,SLX-0009,2024-09-11 17:26:52,M1.9,M1.6,1053.0,86.6518139681263,HLS-0035,2024-09-11 17:24:30,1900.0,715.4867474064671,True,,7.0,0.005415162454873646,DUAL-CONFIRMED
EVT-0010,SLX-0010,2024-09-11 17:51:25,M2.4,M2.0,1398.0,63.44357689028538,HLS-0036,2024-09-11 17:49:40,4248.0,853.2758543832524,True,195.0,28.0,0.0017772511848341231,DUAL-CONFIRMED
EVT-0011,SLX-0011,2024-09-11 19:48:53,C7.1,C6.7,335.0,15.435438334345005,HLS-0041,2024-09-11 19:48:20,316.0,91.9609600962179,True,,8.0,0.00909090909090909,DUAL-CONFIRMED
EVT-0012,SLX-0012,2024-09-11 20:53:48,C7.3,C7.4,346.0,6.2598071204459,HLS-0043,2024-09-11 20:51:20,88.0,18.41501841502762,True,,7.0,0.19047619047619047,DUAL-CONFIRMED
EVT-0013,SLX-0013,2024-09-12 00:11:24,M5.2,M4.9,3498.0,271.0157379200778,HLS-0049,2024-09-12 00:07:40,5231.0,1283.721159423461,True,,18.0,0.0022733013387218996,DUAL-CONFIRMED
EVT-0014,SLX-0014,2024-09-12 02:43:25,M1.0,C9.9,513.0,18.1682239249466,HLS-0052,2024-09-12 02:42:20,341.0,110.66666666666667,True,,8.0,0.061224489795918366,DUAL-CONFIRMED
EVT-0015,SLX-0015,2024-09-12 03:04:46,C7.9,C7.5,378.0,9.256873858444704,HLS-0053,2024-09-12 03:04:10,288.0,87.91131895268094,True,,6.0,0.023255813953488372,DUAL-CONFIRMED
EVT-0016,SLX-0016,2024-09-12 04:04:59,M1.3,M1.1,665.0,32.61496993308845,HLS-0057,2024-09-12 04:03:20,695.0,169.75,True,,7.0,0.0061162079510703364,DUAL-CONFIRMED
EVT-0017,SLX-0017,2024-09-12 04:32:31,M1.4,M1.2,723.0,31.94806557689171,HLS-0058,2024-09-12 04:31:30,1698.0,357.32440061200305,True,71.0,72.0,0.00505902192242833,DUAL-CONFIRMED
EVT-0018,SLX-0018,2024-09-12 05:21:45,C7.4,C6.6,352.0,11.921224048816711,HLS-0059,2024-09-12 05:21:10,336.0,97.99118698777318,True,,7.0,0.0,DUAL-CONFIRMED
EVT-0019,SLX-0019,2024-09-12 05:37:48,C8.5,C8.0,413.0,11.877971230054628,,,,,False,,6.0,0.006289308176100629,SOFT-ONLY
EVT-0020,SLX-0020,2024-09-12 06:18:02,M3.2,M2.7,1975.0,130.93626289602307,HLS-0060,2024-09-12 06:15:40,5091.0,1408.3837982158568,True,,7.0,0.003115264797507788,DUAL-CONFIRMED
EVT-0021,SLX-0021,2024-09-12 06:55:50,M1.3,M1.2,652.0,6.810880727195826,HLS-0061,2024-09-12 06:55:40,145.0,31.04456000465062,True,,6.0,0.026785714285714284,DUAL-CONFIRMED
EVT-0022,SLX-0022,2024-09-12 07:45:29,C8.0,C7.6,383.0,6.7082039324993685,HLS-0063,2024-09-12 07:45:10,218.0,64.03589023426814,True,,6.0,0.020618556701030927,DUAL-CONFIRMED
EVT-0023,SLX-0023,2024-09-12 08:43:25,M1.0,—,520.0,26.13675696248731,HLS-0065,2024-09-12 08:35:30,1105.0,315.5219221121305,True,,11.0,0.0,DUAL-CONFIRMED
EVT-0024,SLX-0024,2024-09-12 09:43:43,X1.2,X1.3,9278.0,574.4468852796039,HLS-0069,2024-09-12 09:41:10,88914.0,17661.4,True,233.0,420.0,0.005713630105553006,DUAL-CONFIRMED
EVT-0025,SLX-0025,2024-09-12 12:10:47,C8.4,C8.2,411.0,16.476761559772132,HLS-0073,2024-09-12 12:01:40,754.0,235.2734579165274,True,,8.0,0.04081632653061224,DUAL-CONFIRMED
EVT-0026,SLX-0026,2024-09-12 13:21:25,M1.3,M1.2,710.0,23.21252030860537,HLS-0075,2024-09-12 13:19:20,442.0,106.5,True,,5.0,0.017699115044247787,DUAL-CONFIRMED
EVT-0027,SLX-0027,2024-09-12 14:43:17,M7.7,M6.8,5531.0,424.6691000775064,HLS-0076,2024-09-12 14:42:40,36987.0,11997.085199725545,True,117.0,37.0,0.003638296132777369,DUAL-CONFIRMED
EVT-0028,SLX-0028,2024-09-12 15:04:34,M1.8,M1.6,983.0,10.963569670603592,HLS-0077,2024-09-12 15:04:40,476.0,19.441291288659542,True,,6.0,0.016241299303944315,DUAL-CONFIRMED
EVT-0029,SLX-0029,2024-09-12 17:31:48,C8.3,C8.0,405.0,8.784943989839743,HLS-0080,2024-09-12 17:25:20,127.0,20.4,True,,5.0,0.17647058823529413,DUAL-CONFIRMED
EVT-0030,SLX-0030,2024-09-12 18:31:42,C8.0,C7.3,387.0,15.34824138813674,HLS-0082,2024-09-12 18:31:00,294.0,108.47580375364821,True,,7.0,0.03333333333333333,DUAL-CONFIRMED
EVT-0031,SLX-0031,2024-09-12 18:58:17,C9.8,C9.6,491.0,13.32736602578263,HLS-0085,2024-09-12 19:04:30,192.0,26.0,True,,7.0,0.06451612903225806,DUAL-CONFIRMED
EVT-0032,SLX-0032,2024-09-12 20:13:20,C6.2,C6.5,288.0,6.380040304395754,HLS-0087,2024-09-12 20:10:00,227.0,83.15218406202999,True,,6.0,0.01639344262295082,DUAL-CONFIRMED
EVT-0033,SLX-0033,2024-09-12 21:10:22,C8.7,C8.9,428.0,12.75847264913102,,,,,False,,5.0,0.02531645569620253,SOFT-ONLY
EVT-0034,SLX-0034,2024-09-12 22:26:29,M2.2,M2.1,1297.0,16.747831228477587,,,,,False,,6.0,0.0035335689045936395,SOFT-ONLY
EVT-0035,SLX-0035,2024-09-13 00:56:11,M1.6,M1.4,860.0,15.053281347191293,HLS-0096,2024-09-13 00:52:10,294.0,37.68891807222045,True,,6.0,0.0,DUAL-CONFIRMED
EVT-0036,SLX-0036,2024-09-13 01:36:38,M1.8,M1.6,1022.0,25.636921582977703,HLS-0097,2024-09-13 01:36:10,1444.0,258.1598987707683,True,,7.0,0.003468208092485549,DUAL-CONFIRMED
EVT-0037,SLX-0037,2024-09-13 02:41:04,M1.4,M1.3,764.0,7.688495941806214,HLS-0099,2024-09-13 02:36:40,281.0,40.11335290250718,True,,6.0,0.05263157894736842,DUAL-CONFIRMED
EVT-0038,SLX-0038,2024-09-13 04:40:39,M2.2,M2.1,1247.0,11.342278110118476,HLS-0104,2024-09-13 04:38:10,297.0,26.688726751068895,True,,5.0,0.01675977653631285,DUAL-CONFIRMED
EVT-0039,SLX-0039,2024-09-13 04:59:54,M2.4,M2.4,1378.0,8.758434875642404,HLS-0105,2024-09-13 04:58:50,2862.0,276.2,True,,16.0,0.0055058499655884375,DUAL-CONFIRMED
EVT-0040,SLX-0040,2024-09-13 06:54:08,M5.8,M5.0,3975.0,143.71987846209748,HLS-0111,2024-09-13 06:49:10,10623.0,1652.6307483052294,True,,17.0,0.0019782393669634025,DUAL-CONFIRMED
EVT-0041,SLX-0041,2024-09-13 08:35:40,M2.9,—,1764.0,28.154628659542585,HLS-0112,2024-09-13 08:36:00,981.0,158.53411830475693,True,,5.0,0.029503105590062112,DUAL-CONFIRMED
EVT-0042,SLX-0042,2024-09-13 12:32:26,C9.5,C9.4,471.0,15.560370652512791,HLS-0119,2024-09-13 12:31:10,161.0,60.42074698865173,True,,8.0,0.0,DUAL-CONFIRMED
EVT-0043,SLX-0043,2024-09-13 14:33:16,C6.3,C6.0,293.0,7.966736401368434,HLS-0121,2024-09-13 14:31:20,334.0,123.5943826740173,True,,7.0,0.012578616352201259,DUAL-CONFIRMED
EVT-0044,SLX-0044,2024-09-13 15:05:46,M1.5,M1.3,794.0,35.24464164613913,HLS-0123,2024-09-13 15:02:50,2100.0,332.24080806766426,True,,8.0,0.001310615989515072,DUAL-CONFIRMED
EVT-0045,SLX-0045,2024-09-13 17:32:10,C6.4,C6.5,297.0,9.130118862478849,HLS-0127,2024-09-13 17:24:20,232.0,85.04200642707612,True,,7.0,0.05263157894736842,DUAL-CONFIRMED
EVT-0046,SLX-0046,2024-09-13 17:56:24,M1.6,M1.4,868.0,36.0255329258438,HLS-0129,2024-09-13 17:54:10,1576.0,213.54271281427148,True,,6.0,0.004429678848283499,DUAL-CONFIRMED
EVT-0047,SLX-0047,2024-09-13 19:03:24,M1.0,C9.5,516.0,20.459139531236705,HLS-0130,2024-09-13 18:57:30,763.0,216.79502608070447,True,,6.0,0.004016064257028112,DUAL-CONFIRMED
EVT-0048,SLX-0048,2024-09-13 20:09:52,C8.3,C7.8,405.0,11.29013827294521,HLS-0132,2024-09-13 20:19:00,263.0,21.57882516181635,True,,8.0,0.11627906976744186,DUAL-CONFIRMED
EVT-0049,SLX-0049,2024-09-13 20:49:09,M1.2,M1.1,627.0,14.546889268214818,HLS-0134,2024-09-13 20:46:00,1285.0,195.55430870814632,True,,6.0,0.004123711340206186,DUAL-CONFIRMED
EVT-0050,SLX-0050,2024-09-13 21:28:48,C4.7,C4.8,207.0,5.3535192226447545,HLS-0135,2024-09-13 21:27:20,286.0,98.2878425849301,True,,8.0,0.008333333333333333,DUAL-CONFIRMED
EVT-0051,SLX-0051,2024-09-13 23:30:11,C6.3,C6.2,291.0,18.73764284159721,HLS-0139,2024-09-13 23:21:00,418.0,136.33333333333334,True,,8.0,0.037037037037037035,DUAL-CONFIRMED
EVT-0052,SLX-0052,2024-09-14 00:57:25,C4.6,C4.5,202.0,10.628776453049,HLS-0141,2024-09-14 00:53:40,213.0,77.8606814399008,True,,6.0,0.07272727272727272,DUAL-CONFIRMED
EVT-0053,SLX-0053,2024-09-14 02:42:33,C3.4,C3.9,141.0,5.01699620251574,HLS-0145,2024-09-14 02:41:20,50.0,16.25247233939677,True,,8.0,0.11764705882352941,DUAL-CONFIRMED
EVT-0054,SLX-0054,2024-09-14 04:02:10,C9.8,C9.2,492.0,9.212085353289524,,,,,False,,7.0,0.05405405405405406,SOFT-ONLY
EVT-0055,SLX-0055,2024-09-14 07:41:12,M3.3,M3.0,2039.0,124.92380952380952,HLS-0150,2024-09-14 07:37:50,4091.0,1360.6666666666667,True,,7.0,0.0007791195948578107,DUAL-CONFIRMED
EVT-0056,SLX-0056,2024-09-14 14:31:40,C5.7,C5.5,261.0,17.465537495307725,,,,,False,,6.0,0.125,SOFT-ONLY
EVT-0057,SLX-0057,2024-09-14 15:29:37,X2.4,X4.4,20452.0,1635.6113942249603,HLS-0156,2024-09-14 15:26:10,240848.0,65560.01619185983,True,477.0,1304.0,0.011564911256635231,DUAL-CONFIRMED
EVT-0058,SLX-0058,2024-09-14 23:51:24,C2.8,C3.0,113.0,12.835792251513514,HLS-0158,2024-09-14 23:50:50,270.0,118.51160280748884,True,,14.0,0.006756756756756757,DUAL-CONFIRMED
EVT-0059,SLX-0059,2024-09-15 05:24:22,C2.0,C2.2,76.0,5.112764264362193,HLS-0162,2024-09-15 05:23:50,37.0,12.655697004379755,True,,8.0,0.11764705882352941,DUAL-CONFIRMED
EVT-0060,SLX-0060,2024-09-15 07:55:34,C2.9,C3.0,115.0,9.10602910614014,HLS-0163,2024-09-15 07:52:50,102.0,35.906624935876586,True,,9.0,0.0,DUAL-CONFIRMED
EVT-0061,SLX-0061,2024-09-15 11:13:09,C3.5,C3.6,148.0,10.231284959338778,,,,,False,,7.0,0.11764705882352941,SOFT-ONLY
EVT-0062,SLX-0062,2024-09-15 15:27:41,C5.4,C4.8,242.0,29.62370845394112,HLS-0167,2024-09-15 15:27:30,242.0,88.82165115716839,True,,8.0,0.014423076923076924,DUAL-CONFIRMED
EVT-0063,SLX-0063,2024-09-15 17:42:34,C1.8,C2.0,65.0,6.153744504654986,HLS-0168,2024-09-15 17:41:40,35.0,11.839200423452029,True,,9.0,0.2,DUAL-CONFIRMED
EVT-0064,SLX-0064,2024-09-15 21:35:20,C4.0,C3.9,170.0,27.119131120433643,HLS-0170,2024-09-15 21:41:10,177.0,59.750523010263265,True,,12.0,0.09090909090909091,DUAL-CONFIRMED
EVT-0065,SLX-0065,2024-09-15 23:32:33,C4.8,C4.9,212.0,22.32568028078876,HLS-0171,2024-09-15 23:32:00,124.0,38.333333333333336,True,,6.0,0.0,DUAL-CONFIRMED
EVT-0066,SLX-0066,2024-09-16 01:25:00,C6.5,C6.0,300.0,39.7673248658258,HLS-0174,2024-09-16 01:24:20,540.0,201.4550641139181,True,,7.0,0.019230769230769232,DUAL-CONFIRMED
EVT-0067,SLX-0067,2024-09-16 01:45:56,C4.4,C4.2,189.0,8.428534986591798,HLS-0175,2024-09-16 01:44:20,195.0,41.71930009000631,True,,6.0,0.0,DUAL-CONFIRMED
EVT-0068,SLX-0068,2024-09-16 03:32:01,C2.2,C2.4,84.0,7.132564859956163,HLS-0176,2024-09-16 03:31:40,32.0,10.61445555206044,True,,8.0,0.46153846153846156,DUAL-CONFIRMED
EVT-0069,SLX-0069,2024-09-16 06:09:18,C2.2,C2.6,85.0,5.299233090271577,HLS-0178,2024-09-16 06:02:20,35.0,11.839200423452029,True,,7.0,0.5,DUAL-CONFIRMED
EVT-0070,SLX-0070,2024-09-16 13:49:36,C5.8,C5.0,262.0,29.14059960698382,,,,,False,,7.0,0.0449438202247191,SOFT-ONLY
EVT-0071,SLX-0071,2024-09-17 00:01:20,M1.0,C9.2,526.0,49.162166356081634,HLS-0184,2024-09-16 23:51:20,516.0,119.4657751348537,True,,11.0,0.0,DUAL-CONFIRMED
EVT-0072,SLX-0072,2024-09-17 06:41:15,C4.7,C4.3,209.0,36.11995139654661,HLS-0185,2024-09-17 06:33:40,235.0,71.15124735378853,True,,9.0,0.0625,DUAL-CONFIRMED
EVT-0073,SLX-0073,2024-09-17 12:32:28,C4.3,C3.8,187.0,30.06766073744717,HLS-0187,2024-09-17 12:29:40,94.0,21.38089935299395,True,,11.0,0.06818181818181818,DUAL-CONFIRMED
EVT-0074,SLX-0074,2024-09-17 19:09:08,C3.2,C3.2,132.0,17.765428077662772,HLS-0188,2024-09-17 19:05:40,153.0,40.70319397786862,True,,9.0,0.10256410256410256,DUAL-CONFIRMED
EVT-0075,SLX-0075,2024-09-18 03:44:13,C4.4,C4.1,190.0,33.406867040057776,HLS-0189,2024-09-18 03:38:10,195.0,62.0,True,,9.0,0.10526315789473684,DUAL-CONFIRMED
EVT-0076,SLX-0076,2024-09-18 13:14:12,C3.1,C3.0,129.0,7.293462097795579,,,,,False,,,0.0,SOFT-ONLY
EVT-0077,SLX-0077,2024-09-18 16:04:55,C2.1,C2.2,79.0,8.213333333333333,,,,,False,,,0.0,SOFT-ONLY
EVT-0078,SLX-0078,2024-09-18 16:44:21,C3.0,C3.0,121.0,11.785113019775793,,,,,False,,,0.0,SOFT-ONLY
EVT-0079,SLX-0079,2024-09-19 08:04:47,C2.2,C2.4,85.0,5.348447053667623,HLS-0194,2024-09-19 08:04:00,69.0,25.719642299223374,True,,7.0,0.3333333333333333,DUAL-CONFIRMED
EVT-0080,SLX-0080,2024-09-19 15:28:38,C2.7,C2.5,108.0,14.26965864674894,HLS-0196,2024-09-19 15:21:10,79.0,29.802125203862,True,,9.0,0.4,DUAL-CONFIRMED
EVT-0081,SLX-0081,2024-09-19 18:43:22,C2.1,C2.1,78.0,9.34676414594912,HLS-0197,2024-09-19 18:41:30,37.0,12.655697004379755,True,,7.0,0.14285714285714285,DUAL-CONFIRMED
EVT-0082,SLX-0082,2024-09-19 20:23:39,C1.7,C2.0,63.0,5.873042787086381,,,,,False,,8.0,3.0,SOFT-ONLY
EVT-0083,SLX-0083,2024-09-19 21:52:33,C2.4,C2.3,94.0,15.180438540625705,HLS-0198,2024-09-19 21:50:40,74.0,30.857738089497097,True,,6.0,0.2222222222222222,DUAL-CONFIRMED
EVT-0084,SLX-0084,2024-09-19 22:06:24,C1.9,C2.2,72.0,7.930587760199254,HLS-0199,2024-09-19 22:03:10,110.0,40.5960399736041,True,,9.0,0.5,DUAL-CONFIRMED
EVT-0085,SLX-0085,2024-09-20 14:57:19,C4.6,C4.0,202.0,41.90656273186815,HLS-0202,2024-09-20 14:56:10,216.0,94.36206865049112,True,,8.0,0.05357142857142857,DUAL-CONFIRMED
EVT-0086,SLX-0086,2024-09-20 21:53:46,C1.5,C1.7,52.0,5.109417167432082,HLS-0204,2024-09-20 21:48:40,19.0,6.260990336999411,True,,9.0,0.3333333333333333,DUAL-CONFIRMED
EVT-0087,SLX-0087,2024-09-21 07:19:20,C2.0,C2.0,75.0,8.641325975791158,HLS-0207,2024-09-21 07:13:00,65.0,26.832815729997474,True,,8.0,0.4,DUAL-CONFIRMED
EVT-0088,SLX-0088,2024-09-21 13:41:58,C1.5,C1.6,52.0,6.35,HLS-0208,2024-09-21 13:40:00,46.0,18.335757415498275,True,,8.0,0.2857142857142857,DUAL-CONFIRMED
EVT-0089,SLX-0089,2024-09-21 20:46:02,C4.7,C4.5,204.0,33.94614660849178,HLS-0209,2024-09-21 20:45:50,430.0,213.0,True,,7.0,0.015151515151515152,DUAL-CONFIRMED
EVT-0090,SLX-0090,2024-09-22 08:54:31,C3.6,—,150.0,9.106192809003522,HLS-0214,2024-09-22 08:52:10,50.0,11.758942438532781,True,,5.0,0.0,DUAL-CONFIRMED
EVT-0091,SLX-0091,2024-09-22 13:26:45,C4.1,C3.7,176.0,24.186666666666667,,,,,False,,,0.0,SOFT-ONLY
EVT-0092,SLX-0092,2024-09-22 15:58:36,C1.8,C2.0,66.0,5.0,,,,,False,,,0.0,SOFT-ONLY
EVT-0093,SLX-0093,2024-09-22 21:38:41,M4.0,M3.7,2564.0,299.2004493460678,,,,,False,,,0.0,SOFT-ONLY
EVT-0094,SLX-0094,2024-09-23 05:53:05,C2.1,C2.3,81.0,7.640000000000001,HLS-0220,2024-09-23 05:48:10,30.0,10.73312629199899,True,,8.0,1.3333333333333333,DUAL-CONFIRMED
EVT-0095,SLX-0095,2024-09-23 10:06:24,C5.1,C4.5,227.0,41.46307030153952,HLS-0221,2024-09-23 10:05:00,194.0,84.52336954949205,True,,9.0,0.041666666666666664,DUAL-CONFIRMED
EVT-0096,SLX-0096,2024-09-23 13:58:23,C2.1,C2.2,79.0,5.220805067760675,HLS-0223,2024-09-23 13:58:50,19.0,5.30722777603022,True,,8.0,1.6,DUAL-CONFIRMED
EVT-0097,SLX-0097,2024-09-23 14:56:34,M1.5,M1.3,817.0,44.06475623106001,,,,,False,,7.0,0.0,SOFT-ONLY
EVT-0098,SLX-0098,2024-09-23 17:16:54,C2.9,C3.3,118.0,5.621394788224659,HLS-0225,2024-09-23 17:12:50,108.0,46.06300033649566,True,,8.0,0.2857142857142857,DUAL-CONFIRMED
EVT-0099,SLX-0099,2024-09-25 04:58:17,C2.6,C2.9,102.0,6.345637171404548,HLS-0232,2024-09-25 04:56:20,35.0,10.61445555206044,True,,6.0,0.4,DUAL-CONFIRMED
EVT-0100,SLX-0100,2024-09-25 08:00:32,C3.9,C4.2,165.0,12.084705158398862,,,,,False,,8.0,0.0,SOFT-ONLY
EVT-0101,SLX-0101,2024-09-25 10:23:54,C3.4,C3.7,142.0,6.451447625966457,,,,,False,,6.0,0.0,SOFT-ONLY
EVT-0102,SLX-0102,2024-09-25 15:32:27,C9.6,C9.1,476.0,19.706889188339225,,,,,False,,5.0,0.0,SOFT-ONLY
EVT-0103,SLX-0103,2024-09-25 20:40:40,C4.2,C4.4,179.0,9.675,HLS-0242,2024-09-25 20:31:10,147.0,43.3232039443068,True,,6.0,0.058823529411764705,DUAL-CONFIRMED
EVT-0104,SLX-0104,2024-09-25 23:11:24,M1.4,M1.3,745.0,108.5,HLS-0243,2024-09-25 23:10:00,571.0,230.66028411208262,True,,7.0,0.012048192771084338,DUAL-CONFIRMED
EVT-0105,SLX-0105,2024-09-26 05:31:00,C2.3,C2.5,90.0,5.88077139686812,HLS-0246,2024-09-26 05:29:20,60.0,24.596747752497684,True,,11.0,0.1111111111111111,DUAL-CONFIRMED
EVT-0106,SLX-0106,2024-09-26 06:12:13,C2.5,C2.9,99.0,9.626844188635134,HLS-0247,2024-09-26 06:09:50,211.0,92.12600067299132,True,,9.0,0.1,DUAL-CONFIRMED
EVT-0107,SLX-0107,2024-09-26 07:12:37,C2.7,C3.0,109.0,8.000793611429955,HLS-0249,2024-09-26 07:10:20,80.0,25.45584412271571,True,,7.0,0.18181818181818182,DUAL-CONFIRMED
EVT-0108,SLX-0108,2024-09-26 11:31:07,C4.1,C3.9,178.0,10.525617130810216,HLS-0250,2024-09-26 11:28:50,120.0,42.70998545004267,True,,7.0,0.05263157894736842,DUAL-CONFIRMED
EVT-0109,SLX-0109,2024-09-26 12:12:47,C5.4,C5.1,244.0,12.352138057506489,HLS-0251,2024-09-26 12:06:10,67.0,22.677868380553633,True,,5.0,0.0,DUAL-CONFIRMED
EVT-0110,SLX-0110,2024-09-26 15:44:03,C3.4,C3.7,140.0,7.785296876653267,HLS-0254,2024-09-26 15:35:10,27.0,9.838699100999074,True,,7.0,0.1111111111111111,DUAL-CONFIRMED
EVT-0111,SLX-0111,2024-09-26 19:49:31,C5.0,C4.8,223.0,20.39295956942003,HLS-0256,2024-09-26 19:48:10,74.0,30.857738089497097,True,,7.0,0.09090909090909091,DUAL-CONFIRMED
EVT-0112,SLX-0112,2024-09-26 20:38:40,C9.5,C6.3,472.0,52.79868211739128,HLS-0257,2024-09-26 20:38:00,738.0,327.8075655014691,True,,9.0,0.0016806722689075631,DUAL-CONFIRMED
EVT-0113,SLX-0113,2024-09-26 23:11:44,M1.9,M1.4,1033.0,93.73185778603327,HLS-0260,2024-09-26 23:09:20,1533.0,421.57214913117417,True,,6.0,0.004484304932735426,DUAL-CONFIRMED
EVT-0114,SLX-0114,2024-09-27 00:06:50,C4.0,C4.4,173.0,6.520331684410331,HLS-0261,2024-09-26 23:58:50,35.0,11.839200423452029,True,,9.0,0.0,DUAL-CONFIRMED
EVT-0115,SLX-0115,2024-09-27 00:50:34,C4.7,C4.6,207.0,9.196952300840296,,,,,False,,,0.0,SOFT-ONLY
EVT-0116,SLX-0116,2024-09-27 01:33:07,C5.5,C5.3,248.0,12.640053297689098,,,,,False,,,0.0,SOFT-ONLY
EVT-0117,SLX-0117,2024-09-27 03:09:33,C6.9,C6.6,323.0,15.296969696969697,,,,,False,,,0.0,SOFT-ONLY
EVT-0118,SLX-0118,2024-09-27 06:09:11,C3.0,C3.4,120.0,5.336110388107996,,,,,False,,,0.0,SOFT-ONLY
EVT-0119,SLX-0119,2024-09-27 08:00:47,M1.1,C9.8,566.0,48.58230359114543,,,,,False,,,0.0,SOFT-ONLY
EVT-0120,SLX-0120,2024-09-27 10:27:50,C9.0,C8.4,444.0,21.38697924499984,,,,,False,,,0.0,SOFT-ONLY
EVT-0121,SLX-0121,2024-09-27 13:13:23,C3.3,C3.6,136.0,5.135823312447683,HLS-0262,2024-09-27 13:13:10,71.0,26.5361388801511,True,,8.0,0.08823529411764706,DUAL-CONFIRMED
EVT-0122,SLX-0122,2024-09-27 14:56:58,C6.6,C6.1,307.0,14.348947687604204,,,,,False,,6.0,0.0,SOFT-ONLY
EVT-0123,SLX-0123,2024-09-27 18:47:08,C3.0,C3.3,123.0,8.110655169141841,HLS-0265,2024-09-27 18:42:20,44.0,18.62047857124575,True,,6.0,1.5,DUAL-CONFIRMED
EVT-0124,SLX-0124,2024-09-28 00:23:21,C3.0,C3.4,124.0,9.80771224660446,HLS-0268,2024-09-28 00:22:10,91.0,38.46036921299638,True,,9.0,0.0,DUAL-CONFIRMED
EVT-0125,SLX-0125,2024-09-28 03:49:09,C2.9,C3.1,118.0,7.316675295087063,HLS-0271,2024-09-28 03:49:00,53.0,24.5,True,,8.0,0.01818181818181818,DUAL-CONFIRMED
EVT-0126,SLX-0126,2024-09-28 06:10:47,C3.9,C3.4,166.0,16.766666666666666,HLS-0274,2024-09-28 06:07:40,174.0,75.57909763949289,True,,9.0,0.03529411764705882,DUAL-CONFIRMED
EVT-0127,SLX-0127,2024-09-28 08:08:59,C3.5,C3.7,145.0,12.392785635298832,HLS-0277,2024-09-28 08:08:40,126.0,54.11284505549491,True,,8.0,0.09803921568627451,DUAL-CONFIRMED
EVT-0128,SLX-0128,2024-09-28 09:29:53,C2.1,—,82.0,5.682319787721793,HLS-0278,2024-09-28 09:29:20,52.0,21.01903898849802,True,,10.0,0.07692307692307693,DUAL-CONFIRMED
EVT-0129,SLX-0129,2024-09-28 10:42:40,C2.6,C2.8,102.0,6.192361855168459,HLS-0280,2024-09-28 10:36:40,21.0,6.260990336999411,True,,6.0,0.0,DUAL-CONFIRMED
EVT-0130,SLX-0130,2024-09-28 15:59:27,C2.6,C2.9,104.0,10.13896546446703,HLS-0282,2024-09-28 15:58:50,97.0,37.15059443221154,True,,7.0,0.05714285714285714,DUAL-CONFIRMED
EVT-0131,SLX-0131,2024-09-29 05:33:27,C4.4,C4.8,193.0,18.226438536598287,HLS-0288,2024-09-29 05:32:10,60.0,22.045407685048605,True,,6.0,0.2631578947368421,DUAL-CONFIRMED
EVT-0132,SLX-0132,2024-09-29 12:53:38,M1.2,M1.0,600.0,17.8823495930007,HLS-0298,2024-09-29 12:52:30,845.0,214.30507849014373,True,,10.0,0.0074962518740629685,DUAL-CONFIRMED
EVT-0133,SLX-0133,2024-09-29 14:25:02,M1.9,M1.7,1053.0,53.899353478719085,HLS-0300,2024-09-29 14:17:20,392.0,127.66666666666667,True,,9.0,0.004672897196261682,DUAL-CONFIRMED
EVT-0134,SLX-0134,2024-09-29 20:04:49,C2.6,C3.1,104.0,8.333333333333334,HLS-0302,2024-09-29 20:04:00,52.0,21.01903898849802,True,,7.0,0.15384615384615385,DUAL-CONFIRMED
EVT-0135,SLX-0135,2024-09-29 20:52:16,C2.2,C2.5,84.0,5.122091076256264,HLS-0303,2024-09-29 20:50:30,60.0,28.0,True,,8.0,0.5714285714285714,DUAL-CONFIRMED
EVT-0136,SLX-0136,2024-09-29 21:45:00,C6.7,C6.5,313.0,42.9391551357388,HLS-0304,2024-09-29 21:44:00,185.0,80.49844718999242,True,,9.0,0.043478260869565216,DUAL-CONFIRMED
EVT-0137,SLX-0137,2024-09-30 01:42:07,C3.1,C3.1,125.0,10.600483781896768,HLS-0306,2024-09-30 01:40:10,46.0,18.335757415498275,True,,8.0,0.030303030303030304,DUAL-CONFIRMED
EVT-0138,SLX-0138,2024-09-30 02:53:16,C3.3,—,134.0,8.288163642548122,HLS-0309,2024-09-30 02:52:50,70.0,21.213203435596423,True,,7.0,0.04,DUAL-CONFIRMED
EVT-0139,SLX-0139,2024-09-30 05:08:24,C3.5,C3.7,147.0,9.789229524076571,HLS-0310,2024-09-30 05:06:30,68.0,28.174456516497347,True,,5.0,0.0,DUAL-CONFIRMED
EVT-0140,SLX-0140,2024-09-30 08:16:41,C4.4,C3.0,192.0,16.00101006912761,HLS-0314,2024-09-30 08:16:00,190.0,75.1176854453508,True,,8.0,0.030303030303030304,DUAL-CONFIRMED
EVT-0141,SLX-0141,2024-09-30 08:45:27,C2.7,—,109.0,6.369492505891556,HLS-0316,2024-09-30 08:44:20,62.0,22.86190426597633,True,,8.0,0.10714285714285714,DUAL-CONFIRMED
EVT-0142,SLX-0142,2024-09-30 10:35:52,C2.9,C3.1,118.0,12.04617379213429,HLS-0318,2024-09-30 10:34:40,52.0,21.01903898849802,True,,8.0,0.07317073170731707,DUAL-CONFIRMED
EVT-0143,SLX-0143,2024-09-30 13:20:25,C2.8,C3.2,114.0,8.075208648016142,HLS-0322,2024-09-30 13:17:50,95.0,40.24922359499621,True,,9.0,1.0,DUAL-CONFIRMED
EVT-0144,SLX-0144,2024-09-30 16:19:37,C6.6,C6.4,310.0,14.329755069151751,HLS-0326,2024-09-30 16:17:00,184.0,52.161462611953105,True,,7.0,0.037037037037037035,DUAL-CONFIRMED
EVT-0145,SLX-0145,2024-09-30 19:16:48,M1.0,C7.9,503.0,50.84365896122796,HLS-0329,2024-09-30 19:10:30,1512.0,531.7442994522837,True,,7.0,0.007518796992481203,DUAL-CONFIRMED
EVT-0146,SLX-0146,2024-09-30 21:02:35,C3.6,C4.1,153.0,7.270604067179253,HLS-0332,2024-09-30 21:01:30,88.0,33.47635981803677,True,,6.0,0.08571428571428572,DUAL-CONFIRMED
EVT-0147,SLX-0147,2024-09-30 21:57:33,C3.6,C3.6,151.0,5.450186541150067,,,,,False,,5.0,0.0,SOFT-ONLY
EVT-0148,SLX-0148,2024-09-30 22:35:26,C3.9,C4.1,166.0,6.1354793530499165,HLS-0334,2024-09-30 22:35:20,92.0,35.10935297989222,True,,9.0,0.011494252873563218,DUAL-CONFIRMED
EVT-0149,SLX-0149,2024-09-30 22:50:19,C4.3,C4.9,184.0,8.330370169150179,HLS-0335,2024-09-30 22:49:30,181.0,51.256928578219814,True,,6.0,0.06451612903225806,DUAL-CONFIRMED
EVT-0150,SLX-0150,2024-09-30 23:32:19,C6.1,C6.5,281.0,7.815169827497297,HLS-0337,2024-09-30 23:30:20,98.0,10.179552429809126,True,,6.0,0.023255813953488372,DUAL-CONFIRMED
EVT-0151,SLX-0151,2024-09-30 23:58:28,M7.8,M7.5,5575.0,302.0872935705886,HLS-0338,2024-09-30 23:55:00,21367.0,3109.841618735112,True,668.0,39.0,0.002903038513644281,DUAL-CONFIRMED
EVT-0152,SLX-0152,2024-10-01 04:32:11,C7.0,C6.8,327.0,24.759154375845224,HLS-0348,2024-10-01 04:31:10,572.0,213.5499272502134,True,,10.0,0.0379746835443038,DUAL-CONFIRMED
EVT-0153,SLX-0153,2024-10-01 07:17:43,C4.9,C5.2,216.0,7.707162925510291,HLS-0353,2024-10-01 07:17:00,175.0,44.93071589424356,True,,8.0,0.05,DUAL-CONFIRMED
EVT-0154,SLX-0154,2024-10-01 10:10:27,C3.1,—,128.0,6.369726265579448,HLS-0358,2024-10-01 10:08:10,42.0,14.696938456699069,True,,8.0,0.0,DUAL-CONFIRMED
EVT-0155,SLX-0155,2024-10-01 13:30:08,C5.0,C4.9,222.0,13.244444444444444,HLS-0366,2024-10-01 13:25:00,303.0,111.87748401073125,True,,8.0,0.0,DUAL-CONFIRMED
EVT-0156,SLX-0156,2024-10-01 14:52:02,M1.1,M1.0,549.0,41.791561988819545,HLS-0369,2024-10-01 14:52:00,1018.0,303.62192398980795,True,,12.0,0.0019704433497536944,DUAL-CONFIRMED
EVT-0157,SLX-0157,2024-10-01 17:53:47,C8.3,C7.6,403.0,33.01757959917571,HLS-0375,2024-10-01 17:53:00,462.0,171.97383521919838,True,,7.0,0.006024096385542169,DUAL-CONFIRMED
EVT-0158,SLX-0158,2024-10-01 19:17:06,M1.7,M1.5,953.0,30.647101015896123,HLS-0377,2024-10-01 19:07:10,1144.0,153.48707635724793,True,,7.0,0.003401360544217687,DUAL-CONFIRMED
EVT-0159,SLX-0159,2024-10-01 21:29:00,C8.8,C8.2,430.0,27.543492714790283,HLS-0380,2024-10-01 21:23:00,493.0,207.87069844672016,True,,11.0,0.009900990099009901,DUAL-CONFIRMED
EVT-0160,SLX-0160,2024-10-01 22:17:24,X2.7,X5.8,23655.0,1382.8675487138,HLS-0382,2024-10-01 22:17:10,712684.0,114176.33053208851,True,34.0,1519.0,0.038602839196444534,DUAL-CONFIRMED
EVT-0161,SLX-0161,2024-10-03 01:06:15,C4.1,C5.0,177.0,5.40094893820582,HLS-0439,2024-10-03 01:05:30,82.0,31.02687007525359,True,,9.0,0.05128205128205128,DUAL-CONFIRMED
EVT-0162,SLX-0162,2024-10-03 02:34:19,M1.1,M1.1,584.0,26.34028919421415,HLS-0442,2024-10-03 02:30:10,433.0,97.81643806413908,True,,7.0,0.011811023622047244,DUAL-CONFIRMED
EVT-0163,SLX-0163,2024-10-03 03:38:15,M1.6,M1.5,896.0,31.221564932566853,HLS-0443,2024-10-03 03:36:00,1337.0,250.04807230118465,True,,6.0,0.0038860103626943004,DUAL-CONFIRMED
EVT-0164,SLX-0164,2024-10-03 04:47:13,C9.7,C9.9,483.0,16.63838588246055,HLS-0445,2024-10-03 04:46:20,731.0,217.0881680959898,True,,9.0,0.00804289544235925,DUAL-CONFIRMED
EVT-0165,SLX-0165,2024-10-03 05:18:13,C6.1,C6.8,280.0,5.80409338312195,HLS-0447,2024-10-03 05:17:00,257.0,74.17179076612985,True,,8.0,0.07894736842105263,DUAL-CONFIRMED
EVT-0166,SLX-0166,2024-10-03 06:48:26,C8.4,C8.6,409.0,15.234607176227208,HLS-0452,2024-10-03 06:45:50,568.0,160.50337483471597,True,156.0,47.0,0.006896551724137931,DUAL-CONFIRMED
EVT-0167,SLX-0167,2024-10-03 07:35:45,C5.2,C5.9,230.0,7.243412731828373,HLS-0453,2024-10-03 07:35:10,119.0,46.13205682241652,True,,10.0,0.043478260869565216,DUAL-CONFIRMED
EVT-0168,SLX-0168,2024-10-03 08:27:55,M1.7,—,963.0,37.31403030630442,HLS-0456,2024-10-03 08:27:40,546.0,90.98107251266913,True,,6.0,0.0029940119760479044,DUAL-CONFIRMED
EVT-0169,SLX-0169,2024-10-03 12:17:03,X2.6,X7.1,22575.0,789.01875,HLS-0467,2024-10-03 12:17:50,855399.0,136967.21763871933,True,103.0,3709.0,0.0481568129970691,DUAL-CONFIRMED
EVT-0170,SLX-0170,2024-10-03 17:21:28,M1.6,M1.6,857.0,10.974345296264737,HLS-0477,2024-10-03 17:20:20,1174.0,237.33002876414835,True,,7.0,0.003590664272890485,DUAL-CONFIRMED
EVT-0171,SLX-0171,2024-10-03 19:20:32,M1.1,M1.1,558.0,9.439317685186063,HLS-0480,2024-10-03 19:20:10,275.0,72.66572570550503,True,,6.0,0.0038910505836575876,DUAL-CONFIRMED
EVT-0172,SLX-0172,2024-10-03 20:26:17,M6.7,M6.5,4671.0,188.62824754179368,HLS-0482,2024-10-03 20:23:40,5460.0,569.511106125245,True,,8.0,0.001215436037678517,DUAL-CONFIRMED
EVT-0173,SLX-0173,2024-10-03 21:41:17,M2.7,M2.3,1616.0,64.2552779212785,HLS-0483,2024-10-03 21:40:50,9250.0,2785.6633125539583,True,,15.0,0.012850628713555341,DUAL-CONFIRMED
EVT-0174,SLX-0174,2024-10-03 23:28:04,M1.0,M1.1,530.0,12.793754220666564,HLS-0488,2024-10-03 23:27:20,463.0,130.19248570226063,True,,9.0,0.042105263157894736,DUAL-CONFIRMED
EVT-0175,SLX-0175,2024-10-04 00:16:47,M1.2,M1.2,634.0,18.727810461877727,HLS-0492,2024-10-04 00:13:40,739.0,156.68044518944254,True,,15.0,0.0,DUAL-CONFIRMED
EVT-0176,SLX-0176,2024-10-04 03:21:36,C7.3,C8.0,346.0,6.694584845328203,HLS-0500,2024-10-04 03:20:20,358.0,110.0472625738596,True,,8.0,0.0045662100456621,DUAL-CONFIRMED
EVT-0177,SLX-0177,2024-10-04 04:52:59,M4.3,M4.0,2787.0,173.94587555425787,HLS-0502,2024-10-04 04:52:10,5479.0,1137.6546430954,True,,9.0,0.004767580452920143,DUAL-CONFIRMED
EVT-0178,SLX-0178,2024-10-04 08:08:48,C8.5,C8.7,412.0,13.539207767530904,HLS-0507,2024-10-04 08:07:40,1168.0,438.8167531637128,True,,16.0,0.010075566750629723,DUAL-CONFIRMED
EVT-0179,SLX-0179,2024-10-04 09:46:58,C6.2,C6.8,288.0,7.280007989039213,HLS-0510,2024-10-04 09:46:20,105.0,32.0,True,,7.0,0.0547945205479452,DUAL-CONFIRMED
EVT-0180,SLX-0180,2024-10-04 11:02:55,M1.2,M1.2,640.0,31.97502203124034,HLS-0513,2024-10-04 11:00:30,405.0,162.89106789508136,True,,13.0,0.013888888888888888,DUAL-CONFIRMED
EVT-0181,SLX-0181,2024-10-04 13:06:19,C9.5,C9.6,470.0,8.76762560289769,HLS-0516,2024-10-04 13:05:50,117.0,8.466068268482454,True,,6.0,0.061224489795918366,DUAL-CONFIRMED
EVT-0182,SLX-0182,2024-10-04 14:51:20,C7.0,C7.1,331.0,7.13582661439767,HLS-0521,2024-10-04 14:51:00,548.0,190.9188309203678,True,,7.0,0.013574660633484163,DUAL-CONFIRMED
EVT-0183,SLX-0183,2024-10-04 17:34:18,C5.1,C5.8,228.0,5.693488074248766,HLS-0528,2024-10-04 17:32:40,51.0,12.060453783110544,True,,7.0,0.2857142857142857,DUAL-CONFIRMED
EVT-0184,SLX-0184,2024-10-04 18:08:07,C7.4,C7.5,353.0,11.859107249446216,HLS-0529,2024-10-04 18:05:20,236.0,75.66666666666667,True,,5.0,0.014705882352941176,DUAL-CONFIRMED
EVT-0185,SLX-0185,2024-10-04 19:12:59,C7.0,C7.5,331.0,5.6762884000022416,HLS-0532,2024-10-04 19:10:00,117.0,21.689859381747958,True,,8.0,0.0,DUAL-CONFIRMED
EVT-0186,SLX-0186,2024-10-04 21:05:13,M1.3,M1.2,663.0,32.91302422140349,HLS-0535,2024-10-04 21:01:10,1838.0,527.1207957701283,True,,7.0,0.004098360655737705,DUAL-CONFIRMED
EVT-0187,SLX-0187,2024-10-04 22:11:37,M1.3,M1.2,659.0,27.557627338120923,HLS-0537,2024-10-04 22:10:20,728.0,198.3053201505194,True,,10.0,0.004310344827586207,DUAL-CONFIRMED
EVT-0188,SLX-0188,2024-10-04 22:32:14,C8.1,C8.4,393.0,5.498438362615417,HLS-0538,2024-10-04 22:32:10,553.0,122.50800188687997,True,,6.0,0.016574585635359115,DUAL-CONFIRMED
EVT-0189,SLX-0189,2024-10-04 23:21:11,C5.8,C6.4,264.0,5.975951807034592,HLS-0540,2024-10-04 23:18:30,366.0,126.57211383239199,True,,11.0,0.009523809523809525,DUAL-CONFIRMED
EVT-0190,SLX-0190,2024-10-05 00:12:00,M1.2,M1.1,598.0,28.997735933829222,HLS-0544,2024-10-05 00:10:40,1583.0,453.50863644845106,True,,8.0,0.005772005772005772,DUAL-CONFIRMED
EVT-0191,SLX-0191,2024-10-05 01:44:40,C7.1,C6.9,333.0,14.292355511662208,HLS-0548,2024-10-05 01:40:50,279.0,85.0652690585294,True,,7.0,0.03508771929824561,DUAL-CONFIRMED
EVT-0192,SLX-0192,2024-10-05 02:29:00,C7.0,C7.3,328.0,13.827513647344633,HLS-0549,2024-10-05 02:23:50,203.0,74.08103670980853,True,,7.0,0.05,DUAL-CONFIRMED
EVT-0193,SLX-0193,2024-10-05 02:59:42,C7.2,C7.1,339.0,11.370350477287818,HLS-0551,2024-10-05 02:57:40,437.0,105.25,True,,6.0,0.0196078431372549,DUAL-CONFIRMED
EVT-0194,SLX-0194,2024-10-05 04:06:06,M1.1,M1.0,549.0,13.69901812697164,,,,,False,,6.0,0.028037383177570093,SOFT-ONLY
EVT-0195,SLX-0195,2024-10-05 06:14:46,C5.9,C6.6,269.0,5.423542644325276,HLS-0561,2024-10-05 06:13:20,423.0,113.71354022617197,True,,16.0,0.034013605442176874,DUAL-CONFIRMED
EVT-0196,SLX-0196,2024-10-05 07:14:40,C7.0,C7.1,331.0,11.616708632959996,HLS-0562,2024-10-05 07:06:10,759.0,236.8545967466116,True,,7.0,0.011363636363636364,DUAL-CONFIRMED
EVT-0197,SLX-0197,2024-10-05 08:44:23,M1.7,—,940.0,24.553149616386413,,,,,False,,5.0,0.0021645021645021645,SOFT-ONLY
EVT-0198,SLX-0198,2024-10-05 11:10:06,C6.2,C6.6,285.0,10.032667230836768,HLS-0571,2024-10-05 11:08:20,303.0,121.24974226776733,True,,7.0,0.03508771929824561,DUAL-CONFIRMED
EVT-0199,SLX-0199,2024-10-05 13:39:48,C7.0,C7.1,330.0,9.966969604237155,,,,,False,,,0.4,SOFT-ONLY
EVT-0200,SLX-0200,2024-10-05 13:57:25,C8.7,C8.4,426.0,8.198177759543585,,,,,False,,,0.4,SOFT-ONLY
EVT-0201,SLX-0201,2024-10-05 14:27:51,C8.5,C8.1,414.0,5.515640247721686,,,,,False,,,0.4,SOFT-ONLY
EVT-0202,SLX-0202,2024-10-05 15:05:44,C8.7,C8.4,427.0,8.801939221164924,,,,,False,,,0.4,SOFT-ONLY
EVT-0203,SLX-0203,2024-10-05 15:55:31,C9.5,C8.9,473.0,16.490631789569864,,,,,False,,,0.4,SOFT-ONLY
EVT-0204,SLX-0204,2024-10-05 16:55:02,C8.4,C8.2,411.0,8.754242740377194,,,,,False,,,0.4,SOFT-ONLY
EVT-0205,SLX-0205,2024-10-05 17:40:36,M1.1,C9.7,539.0,23.06813427379137,,,,,False,,,0.4,SOFT-ONLY
EVT-0206,SLX-0206,2024-10-05 17:58:16,M1.0,C9.5,523.0,6.53236707830574,,,,,False,,,0.4,SOFT-ONLY
EVT-0207,SLX-0207,2024-10-05 19:38:43,C8.3,C8.4,405.0,5.837259631025504,,,,,False,,,0.4,SOFT-ONLY
EVT-0208,SLX-0208,2024-10-05 20:10:20,C8.0,C8.4,386.0,5.79760922512657,,,,,False,,,0.4,SOFT-ONLY
EVT-0209,SLX-0209,2024-10-05 20:40:03,M1.2,M1.1,619.0,18.59966832896926,,,,,False,,,0.4,SOFT-ONLY
EVT-0210,SLX-0210,2024-10-05 22:10:39,C9.4,C9.2,469.0,14.995100117136122,,,,,False,,,0.4,SOFT-ONLY
EVT-0211,SLX-0211,2024-10-05 23:21:18,M2.9,M2.4,1747.0,97.98630762692886,,,,,False,,,0.4,SOFT-ONLY
EVT-0212,SLX-0212,2024-10-06 00:19:59,M1.0,M1.0,503.0,12.612774775682292,HLS-0575,2024-10-06 00:14:50,330.0,78.5,True,,7.0,0.034482758620689655,DUAL-CONFIRMED
EVT-0213,SLX-0213,2024-10-06 01:45:10,M1.1,M1.0,555.0,10.160500162236014,,,,,False,,6.0,0.0033222591362126247,SOFT-ONLY
EVT-0214,SLX-0214,2024-10-06 04:02:03,C4.9,C5.2,215.0,6.414439729004947,HLS-0581,2024-10-06 03:56:00,134.0,48.00148807217185,True,,6.0,0.375,DUAL-CONFIRMED
EVT-0215,SLX-0215,2024-10-06 05:04:52,M1.1,C9.2,552.0,37.7128136034408,HLS-0583,2024-10-06 05:02:00,1613.0,607.0109436528189,True,,7.0,0.003913894324853229,DUAL-CONFIRMED
EVT-0216,SLX-0216,2024-10-06 05:36:55,C7.7,C7.4,368.0,13.2118742913722,HLS-0584,2024-10-06 05:36:50,402.0,72.94356826303054,True,,7.0,0.007556675062972292,DUAL-CONFIRMED
EVT-0217,SLX-0217,2024-10-06 08:26:17,C5.0,—,220.0,10.47181904694914,HLS-0591,2024-10-06 08:25:50,237.0,103.75355415599023,True,,7.0,0.013333333333333334,DUAL-CONFIRMED
EVT-0218,SLX-0218,2024-10-06 09:35:11,C5.2,C5.4,231.0,9.505266710518717,HLS-0593,2024-10-06 09:27:10,187.0,73.89294057395921,True,,7.0,0.0,DUAL-CONFIRMED
EVT-0219,SLX-0219,2024-10-06 12:03:07,C4.6,C4.7,201.0,7.670574573375471,HLS-0599,2024-10-06 12:01:30,258.0,102.8785691968935,True,,7.0,0.13953488372093023,DUAL-CONFIRMED
EVT-0220,SLX-0220,2024-10-06 13:47:37,C5.6,C5.7,252.0,5.718516951973437,HLS-0605,2024-10-06 13:47:20,389.0,113.97128825039465,True,,7.0,0.02,DUAL-CONFIRMED
EVT-0221,SLX-0221,2024-10-06 15:08:50,C6.4,C6.4,298.0,5.451036825149487,HLS-0609,2024-10-06 15:00:20,79.0,22.548777537175994,True,,6.0,0.07692307692307693,DUAL-CONFIRMED
EVT-0222,SLX-0222,2024-10-06 15:21:22,M1.5,M1.3,779.0,34.11572777746205,HLS-0610,2024-10-06 15:20:20,1531.0,367.19893630500815,True,,7.0,0.011400651465798045,DUAL-CONFIRMED
EVT-0223,SLX-0223,2024-10-06 16:45:40,M1.3,M1.1,674.0,37.18965117760146,HLS-0614,2024-10-06 16:43:50,2460.0,774.7580267412529,True,,11.0,0.001639344262295082,DUAL-CONFIRMED
EVT-0224,SLX-0224,2024-10-06 18:24:40,C4.9,C5.3,219.0,7.463799306986137,HLS-0618,2024-10-06 18:23:50,230.0,84.28607748105767,True,,5.0,0.06666666666666667,DUAL-CONFIRMED
EVT-0225,SLX-0225,2024-10-06 18:36:43,C4.7,C5.1,204.0,5.458106855186856,HLS-0619,2024-10-06 18:35:40,376.0,115.73936236216268,True,,8.0,0.041666666666666664,DUAL-CONFIRMED
EVT-0226,SLX-0226,2024-10-06 18:59:12,M1.7,M1.4,910.0,61.79853724151238,HLS-0621,2024-10-06 18:58:30,5141.0,1145.0904112776423,True,,8.0,0.006315211422295442,DUAL-CONFIRMED
EVT-0227,SLX-0227,2024-10-06 20:21:27,C7.7,C7.1,368.0,20.073666056939302,HLS-0625,2024-10-06 20:21:00,307.0,113.38934190276817,True,,7.0,0.01276595744680851,DUAL-CONFIRMED
EVT-0228,SLX-0228,2024-10-06 21:16:59,M1.7,M1.6,923.0,50.46268500978929,,,,,False,,8.0,0.0,SOFT-ONLY
EVT-0229,SLX-0229,2024-10-07 04:11:47,C4.8,C5.4,214.0,6.615862920629285,HLS-0637,2024-10-07 04:10:50,139.0,46.31549416771886,True,,8.0,0.05309734513274336,DUAL-CONFIRMED
EVT-0230,SLX-0230,2024-10-07 05:32:37,C5.7,C5.5,261.0,8.957685903855792,HLS-0641,2024-10-07 05:31:00,236.0,61.84907187911305,True,,5.0,0.044444444444444446,DUAL-CONFIRMED
EVT-0231,SLX-0231,2024-10-07 09:20:02,C6.9,—,324.0,10.307981387582068,,,,,False,,6.0,0.03125,SOFT-ONLY
EVT-0232,SLX-0232,2024-10-07 10:27:53,C6.6,C6.6,310.0,11.575108202105666,HLS-0645,2024-10-07 10:24:00,760.0,307.81921100975273,True,,18.0,0.011764705882352941,DUAL-CONFIRMED
EVT-0233,SLX-0233,2024-10-07 10:52:36,C6.5,C6.2,302.0,5.572202554260971,HLS-0646,2024-10-07 10:48:40,179.0,33.9673235590831,True,,5.0,0.023809523809523808,DUAL-CONFIRMED
EVT-0234,SLX-0234,2024-10-07 12:08:35,C5.6,C5.1,252.0,10.303752381114034,HLS-0647,2024-10-07 12:07:30,254.0,73.26725673239656,True,,6.0,0.02564102564102564,DUAL-CONFIRMED
EVT-0235,SLX-0235,2024-10-07 14:36:40,C7.4,C6.9,353.0,9.255407289934038,,,,,False,,7.0,0.15384615384615385,SOFT-ONLY
EVT-0236,SLX-0236,2024-10-07 18:35:41,M1.4,M1.3,774.0,26.751057438428003,,,,,False,,6.0,0.023809523809523808,SOFT-ONLY
EVT-0237,SLX-0237,2024-10-07 19:11:56,X1.7,X2.1,13927.0,544.5544599601981,HLS-0657,2024-10-07 19:10:30,156083.0,18014.252159147025,True,306.0,853.0,0.01690502037412879,DUAL-CONFIRMED
EVT-0238,SLX-0238,2024-10-07 20:17:51,M7.5,M7.5,5345.0,6.707723076639952,HLS-0658,2024-10-07 20:12:40,7321.0,31.270892240137094,True,,15.0,0.004911591355599214,DUAL-CONFIRMED
EVT-0239,SLX-0239,2024-10-07 20:50:48,M9.6,M9.6,7103.0,21.00620116738784,,,,,False,,17.0,0.0021025581123700504,SOFT-ONLY
EVT-0240,SLX-0240,2024-10-08 08:20:14,C6.6,C7.3,308.0,5.075260149258936,HLS-0670,2024-10-08 08:18:00,293.0,108.09783928063898,True,,7.0,0.07272727272727272,DUAL-CONFIRMED
EVT-0241,SLX-0241,2024-10-08 08:50:39,M1.4,—,715.0,33.67702402689604,HLS-0671,2024-10-08 08:49:30,496.0,162.33333333333334,True,,8.0,0.008620689655172414,DUAL-CONFIRMED
EVT-0242,SLX-0242,2024-10-08 11:05:07,C4.6,C4.8,200.0,5.485368607116155,HLS-0673,2024-10-08 11:05:00,83.0,31.435118365717454,True,,10.0,0.02666666666666667,DUAL-CONFIRMED
EVT-0243,SLX-0243,2024-10-08 11:53:47,C5.2,C5.4,235.0,10.33938855887065,HLS-0674,2024-10-08 11:48:50,255.0,101.6538243255019,True,,7.0,0.0,DUAL-CONFIRMED
EVT-0244,SLX-0244,2024-10-08 17:50:48,C6.3,C5.6,293.0,18.75505322357176,HLS-0680,2024-10-08 17:49:30,521.0,230.7622152779783,True,,8.0,0.005263157894736842,DUAL-CONFIRMED
EVT-0245,SLX-0245,2024-10-08 19:07:55,C3.7,C4.1,156.0,8.683333333333334,HLS-0681,2024-10-08 19:07:40,90.0,38.01315561749642,True,,7.0,0.02631578947368421,DUAL-CONFIRMED
EVT-0246,SLX-0246,2024-10-08 20:29:27,C8.2,C8.0,396.0,33.74804773503092,HLS-0682,2024-10-08 20:28:20,468.0,168.19829567111157,True,,9.0,0.010067114093959731,DUAL-CONFIRMED
EVT-0247,SLX-0247,2024-10-09 00:04:13,C3.7,C4.0,154.0,5.60236957912145,HLS-0686,2024-10-09 00:03:30,63.0,19.445436482630054,True,,6.0,0.1111111111111111,DUAL-CONFIRMED
EVT-0248,SLX-0248,2024-10-09 01:54:19,X1.5,X1.8,11838.0,636.2321707458108,HLS-0688,2024-10-09 01:49:20,45170.0,5224.439463246579,True,469.0,538.0,0.011097912777872051,DUAL-CONFIRMED
EVT-0249,SLX-0249,2024-10-09 05:47:20,M1.5,M1.6,826.0,12.412666804065717,HLS-0689,2024-10-09 05:45:30,984.0,110.15305557347882,True,500.0,20.0,0.01757188498402556,DUAL-CONFIRMED
EVT-0250,SLX-0250,2024-10-09 09:57:19,C5.5,C6.3,246.0,10.038758750397246,HLS-0691,2024-10-09 09:55:40,276.0,30.845930502603235,True,669.0,20.0,0.15,DUAL-CONFIRMED
EVT-0251,SLX-0251,2024-10-09 10:56:45,C5.0,C6.0,220.0,12.385185185185186,HLS-0692,2024-10-09 10:55:40,522.0,68.41600689897065,True,75.0,26.0,0.12030075187969924,DUAL-CONFIRMED
EVT-0252,SLX-0252,2024-10-09 13:37:16,C3.9,C4.7,168.0,5.094780674715723,HLS-0695,2024-10-09 13:36:10,427.0,61.19007272425814,True,66.0,54.0,0.10526315789473684,DUAL-CONFIRMED
EVT-0253,SLX-0253,2024-10-09 15:47:22,X1.2,X1.4,9503.0,923.8852671238516,HLS-0697,2024-10-09 15:45:50,89546.0,13416.842092532617,True,142.0,1416.0,0.006280785922250096,DUAL-CONFIRMED
EVT-0254,SLX-0254,2024-10-09 20:14:51,C6.8,C7.4,319.0,21.10632210250672,HLS-0700,2024-10-09 20:12:50,345.0,44.40083406799996,True,701.0,21.0,0.0748663101604278,DUAL-CONFIRMED
EVT-0255,SLX-0255,2024-10-09 23:11:45,M7.7,M7.7,5498.0,356.3671542133906,HLS-0705,2024-10-09 23:11:00,17285.0,1948.3090926526056,True,275.0,182.0,0.004807692307692308,DUAL-CONFIRMED
EVT-0256,SLX-0256,2024-10-10 01:55:19,C5.5,C5.8,247.0,14.803539863942904,,,,,False,,,1.0,SOFT-ONLY
EVT-0257,SLX-0257,2024-10-10 02:51:48,C3.9,C4.2,167.0,6.68695087647226,,,,,False,,,1.0,SOFT-ONLY
EVT-0258,SLX-0258,2024-10-10 03:00:41,C3.9,C4.8,168.0,6.017118437068885,,,,,False,,,1.0,SOFT-ONLY
EVT-0259,SLX-0259,2024-10-10 07:56:59,C5.4,C5.7,243.0,5.695772485999768,,,,,False,,,1.0,SOFT-ONLY
EVT-0260,SLX-0260,2024-10-10 08:36:01,C7.5,—,358.0,7.952999958087094,,,,,False,,,1.0,SOFT-ONLY
EVT-0261,SLX-0261,2024-10-10 11:01:20,C4.0,C4.3,173.0,5.074177049263527,,,,,False,,,1.0,SOFT-ONLY
EVT-0262,SLX-0262,2024-10-10 11:59:35,M1.5,M1.3,788.0,48.973941383088295,,,,,False,,,1.0,SOFT-ONLY
EVT-0263,SLX-0263,2024-10-10 14:40:53,C7.9,C7.2,382.0,20.720459660916568,,,,,False,,,1.0,SOFT-ONLY
EVT-0264,SLX-0264,2024-10-10 17:00:24,M1.2,M1.0,611.0,41.52644191537797,,,,,False,,,1.0,SOFT-ONLY
EVT-0265,SLX-0265,2024-10-10 21:25:41,C6.2,C6.1,288.0,12.827821072343204,,,,,False,,,1.0,SOFT-ONLY
EVT-0266,SLX-0266,2024-10-10 22:33:51,M3.6,M2.9,2265.0,52.17786135996346,,,,,False,,,1.0,SOFT-ONLY
EVT-0267,SLX-0267,2024-10-24 03:53:10,X2.0,X3.1,16686.0,1742.6775378490192,HLS-0711,2024-10-24 03:47:50,104117.0,34144.06514315482,True,630.0,776.0,0.009079520636785916,DUAL-CONFIRMED
EVT-0268,SLX-0268,2024-10-24 10:30:05,M1.2,M1.2,632.0,27.226112433784603,HLS-0713,2024-10-24 10:28:40,680.0,201.71108952252388,True,,8.0,0.007957559681697613,DUAL-CONFIRMED
EVT-0269,SLX-0269,2024-10-24 20:02:03,C2.6,C2.9,101.0,6.501314478402807,HLS-0721,2024-10-24 20:00:40,70.0,33.0,True,,8.0,0.18181818181818182,DUAL-CONFIRMED
EVT-0270,SLX-0270,2024-10-25 00:49:24,C3.7,C3.7,157.0,8.464888038356781,,,,,False,,,0.0,SOFT-ONLY
EVT-0271,SLX-0271,2024-10-25 03:03:10,C2.4,C2.7,93.0,7.113973540056184,,,,,False,,,0.0,SOFT-ONLY
EVT-0272,SLX-0272,2024-10-25 05:21:01,C4.0,C3.5,171.0,20.055925392989863,,,,,False,,,0.0,SOFT-ONLY
EVT-0273,SLX-0273,2024-10-25 06:16:39,C2.3,C2.4,88.0,5.648020070693291,,,,,False,,,0.0,SOFT-ONLY
EVT-0274,SLX-0274,2024-10-25 06:58:48,C2.8,C2.8,111.0,8.593544254206343,,,,,False,,,0.0,SOFT-ONLY
EVT-0275,SLX-0275,2024-10-25 07:33:51,M1.4,M1.1,748.0,104.78786385004902,,,,,False,,,0.0,SOFT-ONLY
EVT-0276,SLX-0276,2024-10-25 10:34:58,C3.7,C3.5,157.0,9.854520736563927,,,,,False,,,0.0,SOFT-ONLY
EVT-0277,SLX-0277,2024-10-25 11:49:50,C2.9,C2.8,117.0,5.692664452734639,,,,,False,,1.0,0.0,SOFT-ONLY
EVT-0278,SLX-0278,2024-10-25 17:28:04,C2.6,C2.8,105.0,7.475517402401276,HLS-0726,2024-10-25 17:27:20,199.0,86.75943752699183,True,,8.0,0.2857142857142857,DUAL-CONFIRMED
EVT-0279,SLX-0279,2024-10-25 17:56:11,C2.7,C2.9,108.0,5.783962501799455,HLS-0727,2024-10-25 17:55:30,65.0,24.08664913736792,True,,9.0,0.07142857142857142,DUAL-CONFIRMED
EVT-0280,SLX-0280,2024-10-25 18:58:08,C3.2,C3.3,133.0,7.664719468336847,HLS-0729,2024-10-25 18:57:00,45.0,17.88854381999832,True,,8.0,0.0625,DUAL-CONFIRMED
EVT-0281,SLX-0281,2024-10-25 22:06:09,C3.1,C3.3,126.0,5.454371085141368,HLS-0731,2024-10-25 22:00:50,54.0,19.595917942265427,True,,7.0,1.1666666666666667,DUAL-CONFIRMED
EVT-0282,SLX-0282,2024-10-25 23:44:55,C3.2,C3.5,131.0,5.983590188864006,HLS-0733,2024-10-25 23:41:30,27.0,7.559289460184544,True,,7.0,0.0,DUAL-CONFIRMED
EVT-0283,SLX-0283,2024-10-26 02:19:46,C4.5,C4.4,196.0,12.40762229071674,HLS-0737,2024-10-26 02:18:10,129.0,50.214539727055154,True,,7.0,0.05714285714285714,DUAL-CONFIRMED
EVT-0284,SLX-0284,2024-10-26 04:08:22,C4.0,C4.0,171.0,8.108157757605747,HLS-0741,2024-10-26 04:03:40,295.0,117.98375594405643,True,,13.0,0.10476190476190476,DUAL-CONFIRMED
EVT-0285,SLX-0285,2024-10-26 05:33:51,C5.1,C4.9,225.0,7.787682582129296,,,,,False,,7.0,0.11764705882352941,SOFT-ONLY
EVT-0286,SLX-0286,2024-10-26 06:22:08,M9.3,M9.4,6892.0,347.9519765409916,HLS-0745,2024-10-26 06:18:20,32385.0,3381.3626290023317,True,-492.0,53.0,0.009495896834701055,DUAL-CONFIRMED
EVT-0287,SLX-0287,2024-10-26 07:10:08,X1.5,X1.8,12016.0,40.60551482825932,,,,,False,1048.0,147.0,0.0031872867660262165,SOFT-ONLY
EVT-0288,SLX-0288,2024-10-26 22:38:12,M1.1,C9.7,544.0,28.77403770161249,HLS-0748,2024-10-26 22:33:50,659.0,155.70787127332576,True,,10.0,0.022388059701492536,DUAL-CONFIRMED
EVT-0289,SLX-0289,2024-10-27 00:16:12,C7.1,C6.9,334.0,5.359869401394031,,,,,False,,9.0,0.0,SOFT-ONLY
EVT-0290,SLX-0290,2024-10-27 03:23:53,C9.2,C8.3,455.0,26.4900160375115,,,,,False,,,0.0,SOFT-ONLY
EVT-0291,SLX-0291,2024-10-27 05:32:26,C8.3,C7.6,405.0,23.777077910505827,,,,,False,,,0.0,SOFT-ONLY
EVT-0292,SLX-0292,2024-10-27 09:26:36,C3.8,C3.9,161.0,6.673667007373174,,,,,False,,,0.0,SOFT-ONLY
EVT-0293,SLX-0293,2024-10-27 09:46:25,C4.2,C4.1,181.0,7.284357808816691,,,,,False,,,0.0,SOFT-ONLY
EVT-0294,SLX-0294,2024-10-27 23:24:20,M3.1,M2.8,1874.0,193.89653614336453,,,,,False,,,0.0,SOFT-ONLY
EVT-0295,SLX-0295,2024-10-28 00:29:57,C4.5,C5.0,197.0,12.684613189400212,,,,,False,,,0.0,SOFT-ONLY
EVT-0296,SLX-0296,2024-10-28 02:30:25,C3.3,C3.9,136.0,6.87494020827698,,,,,False,,,0.0,SOFT-ONLY
EVT-0297,SLX-0297,2024-10-28 03:00:57,C3.6,C3.8,149.0,6.015984000316448,,,,,False,,,0.0,SOFT-ONLY
EVT-0298,SLX-0298,2024-10-28 04:09:29,M1.5,M1.3,790.0,40.58214496357584,,,,,False,,,0.0,SOFT-ONLY
EVT-0299,SLX-0299,2024-10-28 06:15:44,C3.3,C3.6,137.0,9.475228568589532,,,,,False,,,0.0,SOFT-ONLY
EVT-0300,SLX-0300,2024-10-28 07:03:03,C8.9,C8.0,440.0,34.53780537324281,,,,,False,,,0.0,SOFT-ONLY
EVT-0301,SLX-0301,2024-10-28 08:13:09,C3.6,C3.9,150.0,9.287741684277709,,,,,False,,,0.0,SOFT-ONLY
EVT-0302,SLX-0302,2024-10-28 09:12:36,C7.3,C7.1,345.0,29.07374178771046,,,,,False,,,0.0,SOFT-ONLY
EVT-0303,SLX-0303,2024-10-28 10:06:24,C3.9,C4.3,167.0,10.123774622325827,,,,,False,,,0.0,SOFT-ONLY
EVT-0304,SLX-0304,2024-10-28 14:24:18,C8.1,C9.1,394.0,17.208800572609835,,,,,False,,,0.0,SOFT-ONLY
EVT-0305,SLX-0305,2024-10-28 14:44:11,M1.2,M1.2,603.0,15.295623369973985,,,,,False,,,0.0,SOFT-ONLY
EVT-0306,SLX-0306,2024-10-28 15:07:05,C9.0,C9.3,444.0,8.831273102751641,,,,,False,,,0.0,SOFT-ONLY
EVT-0307,SLX-0307,2024-10-28 16:27:54,M4.7,M4.2,3104.0,162.8142019017384,,,,,False,,,0.0,SOFT-ONLY
EVT-0308,SLX-0308,2024-10-28 18:32:01,C7.1,C7.2,334.0,17.189171965229782,,,,,False,,,0.0,SOFT-ONLY
EVT-0309,SLX-0309,2024-10-28 21:43:03,C4.7,C5.2,207.0,11.086190258958723,,,,,False,,,0.0,SOFT-ONLY
EVT-0310,SLX-0310,2024-10-28 22:07:14,C8.5,C7.6,413.0,24.55866595307032,,,,,False,,,0.0,SOFT-ONLY
EVT-0311,SLX-0311,2024-10-29 04:41:13,C3.5,C4.0,148.0,8.508656849310022,HLS-0751,2024-10-29 04:38:40,96.0,27.41542017109887,True,,10.0,0.24,DUAL-CONFIRMED
EVT-0312,SLX-0312,2024-10-29 08:00:39,C5.1,C5.0,226.0,11.169803207921955,HLS-0754,2024-10-29 07:55:10,100.0,15.49347020675546,True,,8.0,0.03333333333333333,DUAL-CONFIRMED
EVT-0313,SLX-0313,2024-10-29 09:37:03,C3.9,C3.9,167.0,10.915941451738266,HLS-0756,2024-10-29 09:31:40,207.0,66.0,True,,9.0,0.12,DUAL-CONFIRMED
EVT-0314,SLX-0314,2024-10-29 12:04:58,C4.2,C3.8,180.0,17.34369653573913,HLS-0757,2024-10-29 12:03:00,211.0,71.77133829043457,True,,8.0,0.0,DUAL-CONFIRMED
EVT-0315,SLX-0315,2024-10-29 13:02:25,C2.4,C2.9,93.0,6.5555555555555545,HLS-0759,2024-10-29 13:01:20,77.0,26.457513110645905,True,,8.0,0.07142857142857142,DUAL-CONFIRMED
EVT-0316,SLX-0316,2024-10-29 14:37:13,C3.5,C3.8,144.0,7.256917881777162,HLS-0760,2024-10-29 14:36:50,66.0,20.506096654409877,True,,7.0,0.09090909090909091,DUAL-CONFIRMED
EVT-0317,SLX-0317,2024-10-29 15:49:07,C5.2,C5.6,231.0,5.027714236883515,,,,,False,,8.0,2.0,SOFT-ONLY
EVT-0318,SLX-0318,2024-10-29 16:32:35,M1.2,M1.2,618.0,25.19686038773511,HLS-0761,2024-10-29 16:29:30,761.0,216.21767581151485,True,,8.0,0.004291845493562232,DUAL-CONFIRMED
EVT-0319,SLX-0319,2024-10-30 06:28:38,C3.6,C4.0,152.0,7.672466487136554,,,,,False,,7.0,0.2857142857142857,SOFT-ONLY
EVT-0320,SLX-0320,2024-10-30 23:50:49,C8.3,C8.2,401.0,5.746036199558222,HLS-0772,2024-10-30 23:44:10,357.0,77.54251804824987,True,,8.0,0.025,DUAL-CONFIRMED
EVT-0321,SLX-0321,2024-10-31 00:51:05,C9.7,C9.3,484.0,31.905426384930717,,,,,False,,,0.0,SOFT-ONLY
EVT-0322,SLX-0322,2024-10-31 02:50:27,M1.1,C9.9,552.0,24.36000941049761,,,,,False,,,0.0,SOFT-ONLY
EVT-0323,SLX-0323,2024-10-31 03:30:19,M1.1,M1.1,549.0,8.140783718448846,,,,,False,,,0.0,SOFT-ONLY
EVT-0324,SLX-0324,2024-10-31 05:11:11,C5.4,C5.7,242.0,12.41429911236705,,,,,False,,,0.0,SOFT-ONLY
EVT-0325,SLX-0325,2024-10-31 05:54:12,C6.6,C6.7,310.0,14.474803201861182,,,,,False,,,0.0,SOFT-ONLY
EVT-0326,SLX-0326,2024-10-31 08:31:21,C6.5,C6.2,300.0,25.60833333333333,,,,,False,,,0.0,SOFT-ONLY
EVT-0327,SLX-0327,2024-10-31 09:04:50,C7.8,C7.6,376.0,11.164278076632437,,,,,False,,,0.0,SOFT-ONLY
EVT-0328,SLX-0328,2024-10-31 09:36:21,M1.6,M1.4,900.0,42.94074773973479,,,,,False,,,0.0,SOFT-ONLY
EVT-0329,SLX-0329,2024-10-31 10:27:19,M1.1,C9.1,546.0,21.63177823913777,,,,,False,,,0.0,SOFT-ONLY
EVT-0330,SLX-0330,2024-10-31 12:53:27,M2.9,M2.4,1737.0,207.76117717111256,,,,,False,,,0.0,SOFT-ONLY
EVT-0331,SLX-0331,2024-10-31 13:59:43,M1.5,M1.3,800.0,46.52569302879778,,,,,False,,,0.0,SOFT-ONLY
EVT-0332,SLX-0332,2024-10-31 16:58:32,C3.4,C4.1,141.0,7.194014606174091,,,,,False,,,0.0,SOFT-ONLY
EVT-0333,SLX-0333,2024-10-31 17:17:22,C4.1,C4.4,174.0,6.090433797225271,,,,,False,,,0.0,SOFT-ONLY
EVT-0334,SLX-0334,2024-10-31 18:36:24,C4.5,C4.8,196.0,11.245021587818783,,,,,False,,,0.0,SOFT-ONLY
EVT-0335,SLX-0335,2024-10-31 19:06:50,M1.1,M1.0,563.0,34.423939832444894,,,,,False,,,0.0,SOFT-ONLY
EVT-0336,SLX-0336,2024-10-31 20:24:39,C6.3,C6.3,290.0,22.31151143856256,,,,,False,,,0.0,SOFT-ONLY
EVT-0337,SLX-0337,2024-10-31 21:19:44,X1.6,X2.0,13305.0,1578.8664963823549,,,,,False,,,0.0,SOFT-ONLY
EVT-0338,SLX-0338,2024-10-31 21:52:58,M8.9,M9.3,6516.0,11.89043401006546,,,,,False,,,0.0,SOFT-ONLY
EVT-0339,,,,,,,HLS-0001,2024-09-10 00:28:00,303.0,11.078006238589245,False,,,,HARD-ONLY
EVT-0340,,,,,,,HLS-0002,2024-09-10 01:40:10,46.0,10.955537847308525,False,,,,HARD-ONLY
EVT-0341,,,,,,,HLS-0003,2024-09-10 04:25:10,54.0,21.913466179497938,False,,,,HARD-ONLY
EVT-0342,,,,,,,HLS-0004,2024-09-10 05:44:10,36.0,13.863621460498695,False,,,,HARD-ONLY
EVT-0343,,,,,,,HLS-0005,2024-09-10 08:35:20,24.0,8.497058314499201,False,,,,HARD-ONLY
EVT-0344,,,,,,,HLS-0006,2024-09-10 09:36:50,18.0,6.5,False,,,,HARD-ONLY
EVT-0345,,,,,,,HLS-0007,2024-09-10 11:06:50,161.0,69.76532089799343,False,,,,HARD-ONLY
EVT-0346,,,,,,,HLS-0008,2024-09-10 11:59:20,25.0,8.94427190999916,False,,,,HARD-ONLY
EVT-0347,,,,,,,HLS-0009,2024-09-10 15:43:40,681.0,275.56759606310754,False,,,,HARD-ONLY
EVT-0348,,,,,,,HLS-0010,2024-09-10 16:57:20,43.0,16.994116628998402,False,,,,HARD-ONLY
EVT-0349,,,,,,,HLS-0011,2024-09-10 17:58:40,23.0,9.5,False,,,,HARD-ONLY
EVT-0350,,,,,,,HLS-0012,2024-09-10 20:53:20,46.0,18.335757415498275,False,,,,HARD-ONLY
EVT-0351,,,,,,,HLS-0013,2024-09-10 23:49:10,493.0,207.87069844672016,False,,,,HARD-ONLY
EVT-0352,,,,,,,HLS-0014,2024-09-11 01:55:50,44.0,13.984685501341406,False,,,,HARD-ONLY
EVT-0353,,,,,,,HLS-0015,2024-09-11 03:25:10,22.0,9.0,False,,,,HARD-ONLY
EVT-0354,,,,,,,HLS-0016,2024-09-11 04:08:40,120.0,51.42956348249516,False,,,,HARD-ONLY
EVT-0355,,,,,,,HLS-0017,2024-09-11 05:17:10,31.0,10.285912696499032,False,,,,HARD-ONLY
EVT-0356,,,,,,,HLS-0018,2024-09-11 06:04:50,25.0,7.756717518813398,False,,,,HARD-ONLY
EVT-0357,,,,,,,HLS-0020,2024-09-11 07:35:50,46.0,18.335757415498275,False,,,,HARD-ONLY
EVT-0358,,,,,,,HLS-0022,2024-09-11 09:35:10,113.0,48.299068313995456,False,,,,HARD-ONLY
EVT-0359,,,,,,,HLS-0024,2024-09-11 10:32:30,150.0,58.787753826796276,False,,,,HARD-ONLY
EVT-0360,,,,,,,HLS-0026,2024-09-11 12:04:10,31.0,9.071147352221454,False,,,,HARD-ONLY
EVT-0361,,,,,,,HLS-0031,2024-09-11 16:26:00,43.0,11.333333333333334,False,,,,HARD-ONLY
EVT-0362,,,,,,,HLS-0032,2024-09-11 16:39:40,43.0,12.37436867076458,False,,,,HARD-ONLY
EVT-0363,,,,,,,HLS-0033,2024-09-11 16:44:00,24.0,5.303300858899106,False,,,,HARD-ONLY
EVT-0364,,,,,,,HLS-0034,2024-09-11 17:17:00,33.0,11.022703842524303,False,,,,HARD-ONLY
EVT-0365,,,,,,,HLS-0037,2024-09-11 18:22:40,46.0,6.1942248145051675,False,,,,HARD-ONLY
EVT-0366,,,,,,,HLS-0038,2024-09-11 18:53:00,59.0,11.686272524515307,False,,,,HARD-ONLY
EVT-0367,,,,,,,HLS-0039,2024-09-11 19:28:50,30.0,9.797958971132713,False,,,,HARD-ONLY
EVT-0368,,,,,,,HLS-0040,2024-09-11 19:38:00,35.0,10.583005244258361,False,,,,HARD-ONLY
EVT-0369,,,,,,,HLS-0042,2024-09-11 20:28:20,54.0,16.263455967290593,False,,,,HARD-ONLY
EVT-0370,,,,,,,HLS-0044,2024-09-11 21:16:10,67.0,15.87713240271471,False,,,,HARD-ONLY
EVT-0371,,,,,,,HLS-0045,2024-09-11 21:35:40,42.0,6.5,False,,,,HARD-ONLY
EVT-0372,,,,,,,HLS-0046,2024-09-11 22:16:30,27.0,9.838699100999074,False,,,,HARD-ONLY
EVT-0373,,,,,,,HLS-0047,2024-09-11 22:50:50,53.0,21.46625258399798,False,,,,HARD-ONLY
EVT-0374,,,,,,,HLS-0048,2024-09-11 22:58:10,44.0,16.416455159382004,False,,,,HARD-ONLY
EVT-0375,,,,,,,HLS-0050,2024-09-12 01:30:40,32.0,6.331738236133036,False,,,,HARD-ONLY
EVT-0376,,,,,,,HLS-0051,2024-09-12 01:44:00,90.0,23.819396221643327,False,,,,HARD-ONLY
EVT-0377,,,,,,,HLS-0054,2024-09-12 03:24:10,30.0,7.0,False,,,,HARD-ONLY
EVT-0378,,,,,,,HLS-0055,2024-09-12 03:31:20,51.0,12.060453783110544,False,,,,HARD-ONLY
EVT-0379,,,,,,,HLS-0056,2024-09-12 03:40:30,53.0,12.663476472266073,False,,,,HARD-ONLY
EVT-0380,,,,,,,HLS-0062,2024-09-12 07:32:40,47.0,9.429903335828895,False,,,,HARD-ONLY
EVT-0381,,,,,,,HLS-0064,2024-09-12 08:07:20,43.0,11.83340237483311,False,,,,HARD-ONLY
EVT-0382,,,,,,,HLS-0066,2024-09-12 08:58:40,172.0,21.96375802695583,False,,,,HARD-ONLY
EVT-0383,,,,,,,HLS-0067,2024-09-12 09:06:40,110.0,9.189494464367357,False,,,,HARD-ONLY
EVT-0384,,,,,,,HLS-0068,2024-09-12 09:24:10,146.0,19.909217038269563,False,,,,HARD-ONLY
EVT-0385,,,,,,,HLS-0070,2024-09-12 11:09:50,118.0,45.72380853195266,False,,,,HARD-ONLY
EVT-0386,,,,,,,HLS-0071,2024-09-12 11:17:40,30.0,9.797958971132713,False,,,,HARD-ONLY
EVT-0387,,,,,,,HLS-0072,2024-09-12 11:31:40,37.0,11.338934190276817,False,,,,HARD-ONLY
EVT-0388,,,,,,,HLS-0074,2024-09-12 12:39:40,116.0,12.818996320565299,False,,,,HARD-ONLY
EVT-0389,,,,,,,HLS-0078,2024-09-12 15:41:40,60.0,7.172083066320696,False,,,,HARD-ONLY
EVT-0390,,,,,,,HLS-0079,2024-09-12 16:19:30,64.0,18.333333333333332,False,,,,HARD-ONLY
EVT-0391,,,,,,,HLS-0081,2024-09-12 17:44:40,94.0,12.681052436966377,False,,,,HARD-ONLY
EVT-0392,,,,,,,HLS-0083,2024-09-12 18:38:20,52.0,13.281566172707192,False,,,,HARD-ONLY
EVT-0393,,,,,,,HLS-0084,2024-09-12 18:49:20,129.0,25.23573072576179,False,,,,HARD-ONLY
EVT-0394,,,,,,,HLS-0086,2024-09-12 19:30:40,194.0,34.70110468942836,False,,,,HARD-ONLY
EVT-0395,,,,,,,HLS-0088,2024-09-12 20:19:20,34.0,7.58946638440411,False,,,,HARD-ONLY
EVT-0396,,,,,,,HLS-0089,2024-09-12 20:47:50,151.0,38.27431353954081,False,,,,HARD-ONLY
EVT-0397,,,,,,,HLS-0090,2024-09-12 20:55:10,354.0,90.8688222502243,False,,,,HARD-ONLY
EVT-0398,,,,,,,HLS-0091,2024-09-12 22:01:20,1273.0,117.41851938962684,False,,,,HARD-ONLY
EVT-0399,,,,,,,HLS-0092,2024-09-12 23:10:50,318.0,10.349761530555995,False,,,,HARD-ONLY
EVT-0400,,,,,,,HLS-0093,2024-09-12 23:39:40,253.0,7.50614889896113,False,,,,HARD-ONLY
EVT-0401,,,,,,,HLS-0094,2024-09-12 23:43:30,263.0,8.892972917998875,False,,,,HARD-ONLY
EVT-0402,,,,,,,HLS-0095,2024-09-12 23:59:10,432.0,27.379564683336294,False,,,,HARD-ONLY
EVT-0403,,,,,,,HLS-0098,2024-09-13 02:01:50,265.0,19.635811385257206,False,,,,HARD-ONLY
EVT-0404,,,,,,,HLS-0100,2024-09-13 02:45:30,95.0,8.696263565463042,False,,,,HARD-ONLY
EVT-0405,,,,,,,HLS-0101,2024-09-13 03:20:20,89.0,8.54874733987858,False,,,,HARD-ONLY
EVT-0406,,,,,,,HLS-0102,2024-09-13 03:34:40,89.0,7.621039752788346,False,,,,HARD-ONLY
EVT-0407,,,,,,,HLS-0103,2024-09-13 03:46:20,139.0,14.967424946322915,False,,,,HARD-ONLY
EVT-0408,,,,,,,HLS-0106,2024-09-13 05:13:10,257.0,23.51047477705255,False,,,,HARD-ONLY
EVT-0409,,,,,,,HLS-0107,2024-09-13 05:29:10,141.0,11.962753722931607,False,,,,HARD-ONLY
EVT-0410,,,,,,,HLS-0108,2024-09-13 05:36:30,89.0,5.5154328932550705,False,,,,HARD-ONLY
EVT-0411,,,,,,,HLS-0109,2024-09-13 06:08:30,47.0,5.673665146135802,False,,,,HARD-ONLY
EVT-0412,,,,,,,HLS-0110,2024-09-13 06:21:40,59.0,8.72066511224918,False,,,,HARD-ONLY
EVT-0413,,,,,,,HLS-0113,2024-09-13 09:12:40,110.0,18.76166303929372,False,,,,HARD-ONLY
EVT-0414,,,,,,,HLS-0114,2024-09-13 09:57:00,36.0,12.247448713915892,False,,,,HARD-ONLY
EVT-0415,,,,,,,HLS-0115,2024-09-13 10:26:20,26.0,7.181324987175317,False,,,,HARD-ONLY
EVT-0416,,,,,,,HLS-0116,2024-09-13 10:33:40,56.0,18.520259177452132,False,,,,HARD-ONLY
EVT-0417,,,,,,,HLS-0117,2024-09-13 11:11:40,64.0,23.678400846904058,False,,,,HARD-ONLY
EVT-0418,,,,,,,HLS-0118,2024-09-13 11:50:40,28.0,8.981462390204987,False,,,,HARD-ONLY
EVT-0419,,,,,,,HLS-0120,2024-09-13 14:06:30,31.0,10.873236534136131,False,,,,HARD-ONLY
EVT-0420,,,,,,,HLS-0122,2024-09-13 14:47:40,143.0,28.447550999949655,False,,,,HARD-ONLY
EVT-0421,,,,,,,HLS-0124,2024-09-13 16:00:40,49.0,8.778762251403478,False,,,,HARD-ONLY
EVT-0422,,,,,,,HLS-0125,2024-09-13 16:43:40,120.0,46.54030511288039,False,,,,HARD-ONLY
EVT-0423,,,,,,,HLS-0126,2024-09-13 17:11:20,114.0,44.09081537009721,False,,,,HARD-ONLY
EVT-0424,,,,,,,HLS-0128,2024-09-13 17:41:00,177.0,21.448905695991943,False,,,,HARD-ONLY
EVT-0425,,,,,,,HLS-0131,2024-09-13 19:55:40,397.0,129.33333333333334,False,,,,HARD-ONLY
EVT-0426,,,,,,,HLS-0133,2024-09-13 20:26:30,219.0,16.62768775266122,False,,,,HARD-ONLY
EVT-0427,,,,,,,HLS-0136,2024-09-13 22:20:10,29.0,10.73312629199899,False,,,,HARD-ONLY
EVT-0428,,,,,,,HLS-0137,2024-09-13 22:50:30,24.0,8.497058314499201,False,,,,HARD-ONLY
EVT-0429,,,,,,,HLS-0138,2024-09-13 23:07:50,32.0,10.61445555206044,False,,,,HARD-ONLY
EVT-0430,,,,,,,HLS-0140,2024-09-14 00:30:20,20.0,6.7082039324993685,False,,,,HARD-ONLY
EVT-0431,,,,,,,HLS-0142,2024-09-14 01:30:50,62.0,21.768891000338428,False,,,,HARD-ONLY
EVT-0432,,,,,,,HLS-0143,2024-09-14 01:41:30,26.0,5.666666666666667,False,,,,HARD-ONLY
EVT-0433,,,,,,,HLS-0144,2024-09-14 01:47:10,28.0,5.692099788303082,False,,,,HARD-ONLY
EVT-0434,,,,,,,HLS-0146,2024-09-14 03:31:30,139.0,22.44994432064365,False,,,,HARD-ONLY
EVT-0435,,,,,,,HLS-0147,2024-09-14 04:28:40,80.0,8.48528137423857,False,,,,HARD-ONLY
EVT-0436,,,,,,,HLS-0148,2024-09-14 06:17:40,28.0,7.071067811865475,False,,,,HARD-ONLY
EVT-0437,,,,,,,HLS-0149,2024-09-14 06:21:30,103.0,29.409182239565926,False,,,,HARD-ONLY
EVT-0438,,,,,,,HLS-0151,2024-09-14 10:51:00,35.0,13.416407864998737,False,,,,HARD-ONLY
EVT-0439,,,,,,,HLS-0152,2024-09-14 12:39:10,28.0,10.285912696499032,False,,,,HARD-ONLY
EVT-0440,,,,,,,HLS-0153,2024-09-14 14:13:00,36.0,13.863621460498695,False,,,,HARD-ONLY
EVT-0441,,,,,,,HLS-0154,2024-09-14 14:20:50,217.0,86.14038928787511,False,,,,HARD-ONLY
EVT-0442,,,,,,,HLS-0155,2024-09-14 14:44:30,220.0,30.085014676880384,False,,,,HARD-ONLY
EVT-0443,,,,,,,HLS-0157,2024-09-14 21:32:40,23.0,6.940220937885672,False,,,,HARD-ONLY
EVT-0444,,,,,,,HLS-0159,2024-09-14 23:55:20,47.0,18.78297101099823,False,,,,HARD-ONLY
EVT-0445,,,,,,,HLS-0160,2024-09-15 02:58:50,97.0,37.15059443221154,False,,,,HARD-ONLY
EVT-0446,,,,,,,HLS-0161,2024-09-15 04:56:20,24.0,8.497058314499201,False,,,,HARD-ONLY
EVT-0447,,,,,,,HLS-0164,2024-09-15 08:54:40,28.0,8.981462390204987,False,,,,HARD-ONLY
EVT-0448,,,,,,,HLS-0165,2024-09-15 10:59:20,57.0,13.281566172707192,False,,,,HARD-ONLY
EVT-0449,,,,,,,HLS-0166,2024-09-15 12:40:20,17.0,5.366563145999495,False,,,,HARD-ONLY
EVT-0450,,,,,,,HLS-0169,2024-09-15 21:29:00,249.0,109.12011730198974,False,,,,HARD-ONLY
EVT-0451,,,,,,,HLS-0172,2024-09-16 00:53:30,22.0,7.602631123499284,False,,,,HARD-ONLY
EVT-0452,,,,,,,HLS-0173,2024-09-16 01:04:00,23.0,8.049844718999243,False,,,,HARD-ONLY
EVT-0453,,,,,,,HLS-0177,2024-09-16 05:18:00,28.0,8.981462390204987,False,,,,HARD-ONLY
EVT-0454,,,,,,,HLS-0179,2024-09-16 09:18:40,24.0,7.3484692283495345,False,,,,HARD-ONLY
EVT-0455,,,,,,,HLS-0180,2024-09-16 13:37:50,182.0,61.51828996322963,False,,,,HARD-ONLY
EVT-0456,,,,,,,HLS-0181,2024-09-16 14:28:30,31.0,7.333333333333333,False,,,,HARD-ONLY
EVT-0457,,,,,,,HLS-0182,2024-09-16 19:50:10,25.0,7.756717518813398,False,,,,HARD-ONLY
EVT-0458,,,,,,,HLS-0183,2024-09-16 23:27:40,21.0,5.30722777603022,False,,,,HARD-ONLY
EVT-0459,,,,,,,HLS-0186,2024-09-17 11:41:10,38.0,6.4142698058981855,False,,,,HARD-ONLY
EVT-0460,,,,,,,HLS-0190,2024-09-19 01:08:50,44.0,15.513435037626795,False,,,,HARD-ONLY
EVT-0461,,,,,,,HLS-0191,2024-09-19 02:32:40,18.0,5.813776741499453,False,,,,HARD-ONLY
EVT-0462,,,,,,,HLS-0192,2024-09-19 02:55:40,38.0,14.758048651498612,False,,,,HARD-ONLY
EVT-0463,,,,,,,HLS-0193,2024-09-19 03:08:10,34.0,10.205040771249134,False,,,,HARD-ONLY
EVT-0464,,,,,,,HLS-0195,2024-09-19 13:34:10,21.0,6.123724356957946,False,,,,HARD-ONLY
EVT-0465,,,,,,,HLS-0200,2024-09-20 02:34:00,19.0,7.5,False,,,,HARD-ONLY
EVT-0466,,,,,,,HLS-0201,2024-09-20 10:33:00,16.0,6.0,False,,,,HARD-ONLY
EVT-0467,,,,,,,HLS-0203,2024-09-20 21:42:50,20.0,6.83536555146996,False,,,,HARD-ONLY
EVT-0468,,,,,,,HLS-0205,2024-09-20 22:03:20,31.0,10.206207261596576,False,,,,HARD-ONLY
EVT-0469,,,,,,,HLS-0206,2024-09-21 06:06:30,18.0,5.813776741499453,False,,,,HARD-ONLY
EVT-0470,,,,,,,HLS-0210,2024-09-22 04:03:20,39.0,17.5,False,,,,HARD-ONLY
EVT-0471,,,,,,,HLS-0211,2024-09-22 07:24:00,21.0,8.5,False,,,,HARD-ONLY
EVT-0472,,,,,,,HLS-0212,2024-09-22 08:23:10,30.0,12.0,False,,,,HARD-ONLY
EVT-0473,,,,,,,HLS-0213,2024-09-22 08:33:10,30.0,9.797958971132713,False,,,,HARD-ONLY
EVT-0474,,,,,,,HLS-0215,2024-09-22 09:44:00,35.0,15.5,False,,,,HARD-ONLY
EVT-0475,,,,,,,HLS-0216,2024-09-22 11:28:20,27.0,9.838699100999074,False,,,,HARD-ONLY
EVT-0476,,,,,,,HLS-0217,2024-09-23 02:56:50,22.0,9.0,False,,,,HARD-ONLY
EVT-0477,,,,,,,HLS-0218,2024-09-23 03:36:20,23.0,8.5,False,,,,HARD-ONLY
EVT-0478,,,,,,,HLS-0219,2024-09-23 03:41:20,22.0,7.602631123499284,False,,,,HARD-ONLY
EVT-0479,,,,,,,HLS-0222,2024-09-23 12:11:10,64.0,26.385602134497518,False,,,,HARD-ONLY
EVT-0480,,,,,,,HLS-0224,2024-09-23 14:42:30,1022.0,155.2678331142674,False,,,,HARD-ONLY
EVT-0481,,,,,,,HLS-0226,2024-09-23 17:28:20,32.0,9.44911182523068,False,,,,HARD-ONLY
EVT-0482,,,,,,,HLS-0227,2024-09-24 14:11:30,25.0,8.94427190999916,False,,,,HARD-ONLY
EVT-0483,,,,,,,HLS-0228,2024-09-24 17:20:30,17.0,6.5,False,,,,HARD-ONLY
EVT-0484,,,,,,,HLS-0229,2024-09-24 17:44:20,38.0,14.758048651498612,False,,,,HARD-ONLY
EVT-0485,,,,,,,HLS-0230,2024-09-24 19:26:40,57.0,23.25510696599781,False,,,,HARD-ONLY
EVT-0486,,,,,,,HLS-0231,2024-09-25 02:47:50,18.0,5.813776741499453,False,,,,HARD-ONLY
EVT-0487,,,,,,,HLS-0233,2024-09-25 07:44:20,109.0,38.55237624694117,False,,,,HARD-ONLY
EVT-0488,,,,,,,HLS-0234,2024-09-25 09:21:30,19.0,6.260990336999411,False,,,,HARD-ONLY
EVT-0489,,,,,,,HLS-0235,2024-09-25 10:12:40,81.0,30.618621784789728,False,,,,HARD-ONLY
EVT-0490,,,,,,,HLS-0236,2024-09-25 13:40:10,23.0,8.049844718999243,False,,,,HARD-ONLY
EVT-0491,,,,,,,HLS-0237,2024-09-25 14:04:20,37.0,11.338934190276817,False,,,,HARD-ONLY
EVT-0492,,,,,,,HLS-0238,2024-09-25 14:58:40,233.0,56.30206991686076,False,,,,HARD-ONLY
EVT-0493,,,,,,,HLS-0239,2024-09-25 16:54:40,25.0,8.94427190999916,False,,,,HARD-ONLY
EVT-0494,,,,,,,HLS-0240,2024-09-25 19:21:40,32.0,14.0,False,,,,HARD-ONLY
EVT-0495,,,,,,,HLS-0241,2024-09-25 20:13:00,24.0,8.497058314499201,False,,,,HARD-ONLY
EVT-0496,,,,,,,HLS-0244,2024-09-25 23:49:10,35.0,9.54594154601839,False,,,,HARD-ONLY
EVT-0497,,,,,,,HLS-0245,2024-09-26 00:21:10,28.0,8.432993810941914,False,,,,HARD-ONLY
EVT-0498,,,,,,,HLS-0248,2024-09-26 07:00:50,62.0,22.86190426597633,False,,,,HARD-ONLY
EVT-0499,,,,,,,HLS-0252,2024-09-26 13:09:40,26.0,8.16496580927726,False,,,,HARD-ONLY
EVT-0500,,,,,,,HLS-0253,2024-09-26 13:37:40,34.0,11.430952132988166,False,,,,HARD-ONLY
EVT-0501,,,,,,,HLS-0255,2024-09-26 16:23:40,21.0,7.155417527999327,False,,,,HARD-ONLY
EVT-0502,,,,,,,HLS-0258,2024-09-26 22:35:10,20.0,6.7082039324993685,False,,,,HARD-ONLY
EVT-0503,,,,,,,HLS-0259,2024-09-26 22:50:00,62.0,22.86190426597633,False,,,,HARD-ONLY
EVT-0504,,,,,,,HLS-0263,2024-09-27 14:23:40,20.0,6.7082039324993685,False,,,,HARD-ONLY
EVT-0505,,,,,,,HLS-0264,2024-09-27 14:39:20,119.0,39.244426355853385,False,,,,HARD-ONLY
EVT-0506,,,,,,,HLS-0266,2024-09-27 20:45:20,45.0,20.5,False,,,,HARD-ONLY
EVT-0507,,,,,,,HLS-0267,2024-09-27 23:25:20,25.0,8.94427190999916,False,,,,HARD-ONLY
EVT-0508,,,,,,,HLS-0269,2024-09-28 01:17:30,18.0,5.813776741499453,False,,,,HARD-ONLY
EVT-0509,,,,,,,HLS-0270,2024-09-28 02:36:10,19.0,7.5,False,,,,HARD-ONLY
EVT-0510,,,,,,,HLS-0272,2024-09-28 04:24:50,22.0,9.0,False,,,,HARD-ONLY
EVT-0511,,,,,,,HLS-0273,2024-09-28 04:47:40,47.0,18.78297101099823,False,,,,HARD-ONLY
EVT-0512,,,,,,,HLS-0275,2024-09-28 06:55:50,34.0,15.0,False,,,,HARD-ONLY
EVT-0513,,,,,,,HLS-0276,2024-09-28 07:56:20,15.0,5.5,False,,,,HARD-ONLY
EVT-0514,,,,,,,HLS-0279,2024-09-28 10:00:30,44.0,17.44133022449836,False,,,,HARD-ONLY
EVT-0515,,,,,,,HLS-0281,2024-09-28 13:27:50,38.0,17.0,False,,,,HARD-ONLY
EVT-0516,,,,,,,HLS-0283,2024-09-28 16:27:00,31.0,10.206207261596576,False,,,,HARD-ONLY
EVT-0517,,,,,,,HLS-0284,2024-09-28 17:42:30,21.0,8.5,False,,,,HARD-ONLY
EVT-0518,,,,,,,HLS-0285,2024-09-28 21:35:00,15.0,5.5,False,,,,HARD-ONLY
EVT-0519,,,,,,,HLS-0286,2024-09-29 00:01:10,15.0,5.5,False,,,,HARD-ONLY
EVT-0520,,,,,,,HLS-0287,2024-09-29 01:25:30,14.0,5.0,False,,,,HARD-ONLY
EVT-0521,,,,,,,HLS-0289,2024-09-29 05:39:40,36.0,7.53778361444409,False,,,,HARD-ONLY
EVT-0522,,,,,,,HLS-0290,2024-09-29 05:56:50,46.0,6.001068280966357,False,,,,HARD-ONLY
EVT-0523,,,,,,,HLS-0291,2024-09-29 07:38:10,22.0,6.531972647421809,False,,,,HARD-ONLY
EVT-0524,,,,,,,HLS-0292,2024-09-29 08:55:10,497.0,29.218913360342192,False,,,,HARD-ONLY
EVT-0525,,,,,,,HLS-0293,2024-09-29 09:22:00,380.0,5.731268854344212,False,,,,HARD-ONLY
EVT-0526,,,,,,,HLS-0294,2024-09-29 09:53:40,257.0,6.490639320709539,False,,,,HARD-ONLY
EVT-0527,,,,,,,HLS-0295,2024-09-29 09:58:30,233.0,5.932437195193774,False,,,,HARD-ONLY
EVT-0528,,,,,,,HLS-0296,2024-09-29 10:27:30,176.0,8.105228981472719,False,,,,HARD-ONLY
EVT-0529,,,,,,,HLS-0297,2024-09-29 10:53:20,128.0,6.198343576089367,False,,,,HARD-ONLY
EVT-0530,,,,,,,HLS-0299,2024-09-29 13:38:10,28.0,6.333333333333333,False,,,,HARD-ONLY
EVT-0531,,,,,,,HLS-0301,2024-09-29 18:42:50,20.0,6.7082039324993685,False,,,,HARD-ONLY
EVT-0532,,,,,,,HLS-0305,2024-09-29 23:09:40,16.0,6.0,False,,,,HARD-ONLY
EVT-0533,,,,,,,HLS-0307,2024-09-30 02:24:30,41.0,16.099689437998485,False,,,,HARD-ONLY
EVT-0534,,,,,,,HLS-0308,2024-09-30 02:43:10,23.0,6.940220937885672,False,,,,HARD-ONLY
EVT-0535,,,,,,,HLS-0311,2024-09-30 06:25:50,25.0,8.94427190999916,False,,,,HARD-ONLY
EVT-0536,,,,,,,HLS-0312,2024-09-30 07:10:30,27.0,9.838699100999074,False,,,,HARD-ONLY
EVT-0537,,,,,,,HLS-0313,2024-09-30 07:27:20,30.0,13.0,False,,,,HARD-ONLY
EVT-0538,,,,,,,HLS-0315,2024-09-30 08:38:10,26.0,8.16496580927726,False,,,,HARD-ONLY
EVT-0539,,,,,,,HLS-0317,2024-09-30 09:12:50,30.0,9.797958971132713,False,,,,HARD-ONLY
EVT-0540,,,,,,,HLS-0319,2024-09-30 12:01:20,18.0,5.813776741499453,False,,,,HARD-ONLY
EVT-0541,,,,,,,HLS-0320,2024-09-30 12:07:30,41.0,16.099689437998485,False,,,,HARD-ONLY
EVT-0542,,,,,,,HLS-0321,2024-09-30 12:35:50,29.0,10.73312629199899,False,,,,HARD-ONLY
EVT-0543,,,,,,,HLS-0323,2024-09-30 15:14:00,43.0,19.5,False,,,,HARD-ONLY
EVT-0544,,,,,,,HLS-0324,2024-09-30 15:54:00,22.0,7.602631123499284,False,,,,HARD-ONLY
EVT-0545,,,,,,,HLS-0325,2024-09-30 16:03:50,33.0,9.827076298239907,False,,,,HARD-ONLY
EVT-0546,,,,,,,HLS-0327,2024-09-30 18:20:00,61.0,25.043961347997644,False,,,,HARD-ONLY
EVT-0547,,,,,,,HLS-0328,2024-09-30 18:32:50,20.0,6.182820774312702,False,,,,HARD-ONLY
EVT-0548,,,,,,,HLS-0330,2024-09-30 20:21:20,24.0,7.888426505157586,False,,,,HARD-ONLY
EVT-0549,,,,,,,HLS-0331,2024-09-30 20:38:40,109.0,42.04957391777789,False,,,,HARD-ONLY
EVT-0550,,,,,,,HLS-0333,2024-09-30 21:45:30,105.0,40.41658075592244,False,,,,HARD-ONLY
EVT-0551,,,,,,,HLS-0336,2024-09-30 23:15:40,178.0,32.31973417884659,False,,,,HARD-ONLY
EVT-0552,,,,,,,HLS-0339,2024-10-01 01:38:00,31.0,7.333333333333333,False,,,,HARD-ONLY
EVT-0553,,,,,,,HLS-0340,2024-10-01 02:19:30,31.0,11.627553482998906,False,,,,HARD-ONLY
EVT-0554,,,,,,,HLS-0341,2024-10-01 02:38:10,27.0,8.573214099741124,False,,,,HARD-ONLY
EVT-0555,,,,,,,HLS-0342,2024-10-01 02:51:00,37.0,11.338934190276817,False,,,,HARD-ONLY
EVT-0556,,,,,,,HLS-0343,2024-10-01 02:59:10,79.0,23.333333333333332,False,,,,HARD-ONLY
EVT-0557,,,,,,,HLS-0344,2024-10-01 03:09:50,62.0,15.377078573465944,False,,,,HARD-ONLY
EVT-0558,,,,,,,HLS-0345,2024-10-01 03:43:20,23.0,8.049844718999243,False,,,,HARD-ONLY
EVT-0559,,,,,,,HLS-0346,2024-10-01 04:13:20,28.0,10.285912696499032,False,,,,HARD-ONLY
EVT-0560,,,,,,,HLS-0347,2024-10-01 04:23:10,38.0,13.863621460498695,False,,,,HARD-ONLY
EVT-0561,,,,,,,HLS-0349,2024-10-01 06:13:20,26.0,9.391485505499116,False,,,,HARD-ONLY
EVT-0562,,,,,,,HLS-0350,2024-10-01 06:39:30,74.0,27.76088375154269,False,,,,HARD-ONLY
EVT-0563,,,,,,,HLS-0351,2024-10-01 06:58:10,54.0,16.263455967290593,False,,,,HARD-ONLY
EVT-0564,,,,,,,HLS-0352,2024-10-01 07:06:20,69.0,20.0,False,,,,HARD-ONLY
EVT-0565,,,,,,,HLS-0354,2024-10-01 07:33:00,49.0,10.680979980008077,False,,,,HARD-ONLY
EVT-0566,,,,,,,HLS-0355,2024-10-01 08:28:50,83.0,28.725299948701267,False,,,,HARD-ONLY
EVT-0567,,,,,,,HLS-0356,2024-10-01 08:59:30,143.0,55.93001579354924,False,,,,HARD-ONLY
EVT-0568,,,,,,,HLS-0357,2024-10-01 09:47:40,75.0,31.304951684997054,False,,,,HARD-ONLY
EVT-0569,,,,,,,HLS-0359,2024-10-01 10:21:50,35.0,11.839200423452029,False,,,,HARD-ONLY
EVT-0570,,,,,,,HLS-0360,2024-10-01 10:52:10,24.0,8.497058314499201,False,,,,HARD-ONLY
EVT-0571,,,,,,,HLS-0361,2024-10-01 11:20:10,28.0,9.59403223600247,False,,,,HARD-ONLY
EVT-0572,,,,,,,HLS-0362,2024-10-01 11:29:00,43.0,13.60672102833218,False,,,,HARD-ONLY
EVT-0573,,,,,,,HLS-0363,2024-10-01 11:51:20,54.0,16.263455967290593,False,,,,HARD-ONLY
EVT-0574,,,,,,,HLS-0364,2024-10-01 12:34:50,40.0,15.652475842498527,False,,,,HARD-ONLY
EVT-0575,,,,,,,HLS-0365,2024-10-01 13:12:30,25.0,7.756717518813398,False,,,,HARD-ONLY
EVT-0576,,,,,,,HLS-0367,2024-10-01 14:15:10,19.0,6.260990336999411,False,,,,HARD-ONLY
EVT-0577,,,,,,,HLS-0368,2024-10-01 14:28:50,38.0,13.063945294843618,False,,,,HARD-ONLY
EVT-0578,,,,,,,HLS-0370,2024-10-01 15:56:40,75.0,16.302935756657888,False,,,,HARD-ONLY
EVT-0579,,,,,,,HLS-0371,2024-10-01 16:07:50,30.0,6.32663542409974,False,,,,HARD-ONLY
EVT-0580,,,,,,,HLS-0372,2024-10-01 16:21:20,110.0,36.062445840513924,False,,,,HARD-ONLY
EVT-0581,,,,,,,HLS-0373,2024-10-01 16:29:20,49.0,14.495689014324224,False,,,,HARD-ONLY
EVT-0582,,,,,,,HLS-0374,2024-10-01 16:55:40,33.0,11.022703842524303,False,,,,HARD-ONLY
EVT-0583,,,,,,,HLS-0376,2024-10-01 18:22:40,122.0,40.30508652763321,False,,,,HARD-ONLY
EVT-0584,,,,,,,HLS-0378,2024-10-01 20:37:30,42.0,13.228756555322953,False,,,,HARD-ONLY
EVT-0585,,,,,,,HLS-0379,2024-10-01 20:44:40,92.0,35.10935297989222,False,,,,HARD-ONLY
EVT-0586,,,,,,,HLS-0381,2024-10-01 21:39:40,142.0,18.302015411313096,False,,,,HARD-ONLY
EVT-0587,,,,,,,HLS-0383,2024-10-02 00:22:10,70.0,16.74315780649915,False,,,,HARD-ONLY
EVT-0588,,,,,,,HLS-0384,2024-10-02 01:00:00,282.0,96.873629022557,False,,,,HARD-ONLY
EVT-0589,,,,,,,HLS-0385,2024-10-02 01:11:30,376.0,110.05164077088372,False,,,,HARD-ONLY
EVT-0590,,,,,,,HLS-0386,2024-10-02 01:20:20,69.0,16.454482671904334,False,,,,HARD-ONLY
EVT-0591,,,,,,,HLS-0387,2024-10-02 01:23:30,82.0,16.891016891025338,False,,,,HARD-ONLY
EVT-0592,,,,,,,HLS-0388,2024-10-02 01:32:20,87.0,14.98165544924859,False,,,,HARD-ONLY
EVT-0593,,,,,,,HLS-0389,2024-10-02 01:37:30,257.0,46.9720933216778,False,,,,HARD-ONLY
EVT-0594,,,,,,,HLS-0390,2024-10-02 01:49:30,532.0,84.70002481049549,False,,,,HARD-ONLY
EVT-0595,,,,,,,HLS-0391,2024-10-02 02:39:00,970.0,224.3885518965311,False,,,,HARD-ONLY
EVT-0596,,,,,,,HLS-0392,2024-10-02 03:25:00,194.0,61.666666666666664,False,,,,HARD-ONLY
EVT-0597,,,,,,,HLS-0393,2024-10-02 03:54:10,328.0,131.4559495293639,False,,,,HARD-ONLY
EVT-0598,,,,,,,HLS-0394,2024-10-02 04:52:50,31.0,9.071147352221454,False,,,,HARD-ONLY
EVT-0599,,,,,,,HLS-0395,2024-10-02 05:15:40,2103.0,822.3149546344057,False,,,,HARD-ONLY
EVT-0600,,,,,,,HLS-0396,2024-10-02 05:35:30,13607.0,3118.340905032675,False,,,,HARD-ONLY
EVT-0601,,,,,,,HLS-0397,2024-10-02 06:23:10,1985.0,207.41610466931076,False,,,,HARD-ONLY
EVT-0602,,,,,,,HLS-0398,2024-10-02 06:31:10,142.0,13.285714285714286,False,,,,HARD-ONLY
EVT-0603,,,,,,,HLS-0399,2024-10-02 06:55:40,184.0,42.0,False,,,,HARD-ONLY
EVT-0604,,,,,,,HLS-0400,2024-10-02 07:04:20,394.0,99.66158254052941,False,,,,HARD-ONLY
EVT-0605,,,,,,,HLS-0401,2024-10-02 07:29:10,64.0,19.03634295081848,False,,,,HARD-ONLY
EVT-0606,,,,,,,HLS-0402,2024-10-02 08:03:50,139.0,49.89131043721799,False,,,,HARD-ONLY
EVT-0607,,,,,,,HLS-0403,2024-10-02 09:21:40,197.0,85.86501033599193,False,,,,HARD-ONLY
EVT-0608,,,,,,,HLS-0404,2024-10-02 09:35:30,76.0,17.960512242138307,False,,,,HARD-ONLY
EVT-0609,,,,,,,HLS-0405,2024-10-02 09:48:50,139.0,30.75,False,,,,HARD-ONLY
EVT-0610,,,,,,,HLS-0406,2024-10-02 10:11:20,1092.0,383.2518754031087,False,,,,HARD-ONLY
EVT-0611,,,,,,,HLS-0407,2024-10-02 10:30:20,64.0,14.566399692442879,False,,,,HARD-ONLY
EVT-0612,,,,,,,HLS-0408,2024-10-02 11:16:20,220.0,80.5064327509654,False,,,,HARD-ONLY
EVT-0613,,,,,,,HLS-0409,2024-10-02 11:23:50,74.0,25.323619691618223,False,,,,HARD-ONLY
EVT-0614,,,,,,,HLS-0410,2024-10-02 12:00:30,38.0,14.758048651498612,False,,,,HARD-ONLY
EVT-0615,,,,,,,HLS-0411,2024-10-02 12:09:20,45.0,15.921683328090658,False,,,,HARD-ONLY
EVT-0616,,,,,,,HLS-0412,2024-10-02 12:23:10,96.0,29.0,False,,,,HARD-ONLY
EVT-0617,,,,,,,HLS-0413,2024-10-02 12:35:40,36.0,8.221921916437786,False,,,,HARD-ONLY
EVT-0618,,,,,,,HLS-0414,2024-10-02 13:00:50,72.0,26.944387170614963,False,,,,HARD-ONLY
EVT-0619,,,,,,,HLS-0415,2024-10-02 13:10:30,441.0,164.0365812860046,False,,,,HARD-ONLY
EVT-0620,,,,,,,HLS-0416,2024-10-02 13:34:00,9716.0,1410.3686027931426,False,,,,HARD-ONLY
EVT-0621,,,,,,,HLS-0417,2024-10-02 14:32:40,412.0,13.535001355088333,False,,,,HARD-ONLY
EVT-0622,,,,,,,HLS-0418,2024-10-02 14:55:40,214.0,8.708635721768008,False,,,,HARD-ONLY
EVT-0623,,,,,,,HLS-0419,2024-10-02 15:39:00,184.0,55.0236312869298,False,,,,HARD-ONLY
EVT-0624,,,,,,,HLS-0420,2024-10-02 15:55:50,38.0,10.606601717798211,False,,,,HARD-ONLY
EVT-0625,,,,,,,HLS-0421,2024-10-02 16:28:50,35.0,10.61445555206044,False,,,,HARD-ONLY
EVT-0626,,,,,,,HLS-0422,2024-10-02 16:35:10,64.0,19.79898987322333,False,,,,HARD-ONLY
EVT-0627,,,,,,,HLS-0423,2024-10-02 17:01:00,508.0,176.77669529663686,False,,,,HARD-ONLY
EVT-0628,,,,,,,HLS-0424,2024-10-02 17:29:30,41.0,11.667261889578034,False,,,,HARD-ONLY
EVT-0629,,,,,,,HLS-0425,2024-10-02 17:38:50,207.0,75.59289460184544,False,,,,HARD-ONLY
EVT-0630,,,,,,,HLS-0426,2024-10-02 17:53:30,54.0,13.914021704740868,False,,,,HARD-ONLY
EVT-0631,,,,,,,HLS-0427,2024-10-02 17:58:30,221.0,57.68882040742383,False,,,,HARD-ONLY
EVT-0632,,,,,,,HLS-0428,2024-10-02 18:20:20,62.0,17.666666666666668,False,,,,HARD-ONLY
EVT-0633,,,,,,,HLS-0429,2024-10-02 18:41:40,953.0,209.33333333333334,False,,,,HARD-ONLY
EVT-0634,,,,,,,HLS-0430,2024-10-02 18:57:20,424.0,60.261211241120215,False,,,,HARD-ONLY
EVT-0635,,,,,,,HLS-0431,2024-10-02 19:06:40,511.0,73.40166808764485,False,,,,HARD-ONLY
EVT-0636,,,,,,,HLS-0432,2024-10-02 19:47:40,101.0,35.52866046286736,False,,,,HARD-ONLY
EVT-0637,,,,,,,HLS-0433,2024-10-02 20:11:50,1206.0,291.6315873814438,False,,,,HARD-ONLY
EVT-0638,,,,,,,HLS-0434,2024-10-02 20:41:20,4951.0,174.48027013891044,False,,,,HARD-ONLY
EVT-0639,,,,,,,HLS-0435,2024-10-02 21:43:10,103.0,13.95512859256724,False,,,,HARD-ONLY
EVT-0640,,,,,,,HLS-0436,2024-10-02 22:14:20,52.0,18.7794213613377,False,,,,HARD-ONLY
EVT-0641,,,,,,,HLS-0437,2024-10-02 22:38:50,109.0,33.333333333333336,False,,,,HARD-ONLY
EVT-0642,,,,,,,HLS-0438,2024-10-02 23:11:30,49.0,15.874507866387543,False,,,,HARD-ONLY
EVT-0643,,,,,,,HLS-0440,2024-10-03 01:16:20,35.0,9.54594154601839,False,,,,HARD-ONLY
EVT-0644,,,,,,,HLS-0441,2024-10-03 01:56:50,82.0,26.162950903902257,False,,,,HARD-ONLY
EVT-0645,,,,,,,HLS-0444,2024-10-03 04:34:20,132.0,33.00466167540113,False,,,,HARD-ONLY
EVT-0646,,,,,,,HLS-0446,2024-10-03 05:07:20,28.0,5.125692857821981,False,,,,HARD-ONLY
EVT-0647,,,,,,,HLS-0448,2024-10-03 05:41:00,51.0,10.889444430272832,False,,,,HARD-ONLY
EVT-0648,,,,,,,HLS-0449,2024-10-03 05:59:40,96.0,26.385872843517717,False,,,,HARD-ONLY
EVT-0649,,,,,,,HLS-0450,2024-10-03 06:14:10,71.0,22.273863607376246,False,,,,HARD-ONLY
EVT-0650,,,,,,,HLS-0451,2024-10-03 06:36:20,48.0,10.76326279930749,False,,,,HARD-ONLY
EVT-0651,,,,,,,HLS-0454,2024-10-03 07:40:10,57.0,20.820662813657016,False,,,,HARD-ONLY
EVT-0652,,,,,,,HLS-0455,2024-10-03 07:52:20,30.0,7.7781745930520225,False,,,,HARD-ONLY
EVT-0653,,,,,,,HLS-0457,2024-10-03 09:21:10,183.0,36.44790803324657,False,,,,HARD-ONLY
EVT-0654,,,,,,,HLS-0458,2024-10-03 09:43:00,131.0,18.197684954546226,False,,,,HARD-ONLY
EVT-0655,,,,,,,HLS-0459,2024-10-03 10:12:40,95.0,6.467088396120183,False,,,,HARD-ONLY
EVT-0656,,,,,,,HLS-0460,2024-10-03 10:27:20,109.0,13.808497498808594,False,,,,HARD-ONLY
EVT-0657,,,,,,,HLS-0461,2024-10-03 10:54:50,87.0,22.263735379389466,False,,,,HARD-ONLY
EVT-0658,,,,,,,HLS-0462,2024-10-03 11:04:20,72.0,18.39219201924358,False,,,,HARD-ONLY
EVT-0659,,,,,,,HLS-0463,2024-10-03 11:12:40,147.0,37.16491314709035,False,,,,HARD-ONLY
EVT-0660,,,,,,,HLS-0464,2024-10-03 11:28:40,46.0,8.845379626717031,False,,,,HARD-ONLY
EVT-0661,,,,,,,HLS-0465,2024-10-03 11:43:40,244.0,64.06787266401396,False,,,,HARD-ONLY
EVT-0662,,,,,,,HLS-0466,2024-10-03 12:02:40,471.0,91.2434929186734,False,,,,HARD-ONLY
EVT-0663,,,,,,,HLS-0468,2024-10-03 13:33:10,192.0,9.273212081666081,False,,,,HARD-ONLY
EVT-0664,,,,,,,HLS-0469,2024-10-03 14:18:40,275.0,13.73253136105713,False,,,,HARD-ONLY
EVT-0665,,,,,,,HLS-0470,2024-10-03 14:45:40,239.0,9.622307576086055,False,,,,HARD-ONLY
EVT-0666,,,,,,,HLS-0471,2024-10-03 14:49:40,191.0,6.246966476933778,False,,,,HARD-ONLY
EVT-0667,,,,,,,HLS-0472,2024-10-03 14:55:00,201.0,7.516927675631333,False,,,,HARD-ONLY
EVT-0668,,,,,,,HLS-0473,2024-10-03 15:33:10,131.0,6.466323014923808,False,,,,HARD-ONLY
EVT-0669,,,,,,,HLS-0474,2024-10-03 15:38:30,156.0,9.353074360871936,False,,,,HARD-ONLY
EVT-0670,,,,,,,HLS-0475,2024-10-03 16:18:00,200.0,27.333333333333332,False,,,,HARD-ONLY
EVT-0671,,,,,,,HLS-0476,2024-10-03 16:58:40,70.0,10.692676621563628,False,,,,HARD-ONLY
EVT-0672,,,,,,,HLS-0478,2024-10-03 18:34:50,120.0,34.78505426185217,False,,,,HARD-ONLY
EVT-0673,,,,,,,HLS-0479,2024-10-03 18:46:00,95.0,22.181490448536557,False,,,,HARD-ONLY
EVT-0674,,,,,,,HLS-0481,2024-10-03 19:27:40,71.0,11.929618161269211,False,,,,HARD-ONLY
EVT-0675,,,,,,,HLS-0484,2024-10-03 22:42:00,57.0,18.89822365046136,False,,,,HARD-ONLY
EVT-0676,,,,,,,HLS-0485,2024-10-03 22:47:40,23.0,6.047431568147635,False,,,,HARD-ONLY
EVT-0677,,,,,,,HLS-0486,2024-10-03 23:00:40,65.0,18.666666666666668,False,,,,HARD-ONLY
EVT-0678,,,,,,,HLS-0487,2024-10-03 23:12:20,76.0,17.47305618109472,False,,,,HARD-ONLY
EVT-0679,,,,,,,HLS-0489,2024-10-03 23:34:30,95.0,22.742708045234394,False,,,,HARD-ONLY
EVT-0680,,,,,,,HLS-0490,2024-10-03 23:42:40,83.0,18.441025691957282,False,,,,HARD-ONLY
EVT-0681,,,,,,,HLS-0491,2024-10-03 23:58:40,46.0,7.262397967780631,False,,,,HARD-ONLY
EVT-0682,,,,,,,HLS-0493,2024-10-04 00:36:20,100.0,13.60672102833218,False,,,,HARD-ONLY
EVT-0683,,,,,,,HLS-0494,2024-10-04 01:04:50,158.0,32.17261138106329,False,,,,HARD-ONLY
EVT-0684,,,,,,,HLS-0495,2024-10-04 01:58:00,177.0,56.0,False,,,,HARD-ONLY
EVT-0685,,,,,,,HLS-0496,2024-10-04 02:31:20,27.0,8.040761540665546,False,,,,HARD-ONLY
EVT-0686,,,,,,,HLS-0497,2024-10-04 02:46:30,29.0,8.315218406202998,False,,,,HARD-ONLY
EVT-0687,,,,,,,HLS-0498,2024-10-04 02:54:10,100.0,32.526911934581186,False,,,,HARD-ONLY
EVT-0688,,,,,,,HLS-0499,2024-10-04 03:07:00,82.0,24.333333333333332,False,,,,HARD-ONLY
EVT-0689,,,,,,,HLS-0501,2024-10-04 04:28:20,55.0,20.00416623272929,False,,,,HARD-ONLY
EVT-0690,,,,,,,HLS-0503,2024-10-04 05:33:30,256.0,24.967191586914716,False,,,,HARD-ONLY
EVT-0691,,,,,,,HLS-0504,2024-10-04 07:00:00,36.0,10.96096971726759,False,,,,HARD-ONLY
EVT-0692,,,,,,,HLS-0505,2024-10-04 07:24:20,25.0,6.80336051416609,False,,,,HARD-ONLY
EVT-0693,,,,,,,HLS-0506,2024-10-04 08:01:00,125.0,48.5815465651997,False,,,,HARD-ONLY
EVT-0694,,,,,,,HLS-0508,2024-10-04 08:38:50,143.0,44.666666666666664,False,,,,HARD-ONLY
EVT-0695,,,,,,,HLS-0509,2024-10-04 09:32:50,29.0,9.38971068066885,False,,,,HARD-ONLY
EVT-0696,,,,,,,HLS-0511,2024-10-04 10:26:40,54.0,16.263455967290593,False,,,,HARD-ONLY
EVT-0697,,,,,,,HLS-0512,2024-10-04 10:45:20,72.0,26.944387170614963,False,,,,HARD-ONLY
EVT-0698,,,,,,,HLS-0514,2024-10-04 11:49:50,44.0,15.513435037626795,False,,,,HARD-ONLY
EVT-0699,,,,,,,HLS-0515,2024-10-04 12:54:20,173.0,24.494897427831784,False,,,,HARD-ONLY
EVT-0700,,,,,,,HLS-0517,2024-10-04 13:43:20,330.0,61.0,False,,,,HARD-ONLY
EVT-0701,,,,,,,HLS-0518,2024-10-04 13:48:10,170.0,29.0,False,,,,HARD-ONLY
EVT-0702,,,,,,,HLS-0519,2024-10-04 14:15:00,121.0,29.953810596162374,False,,,,HARD-ONLY
EVT-0703,,,,,,,HLS-0520,2024-10-04 14:38:50,85.0,21.073284825421343,False,,,,HARD-ONLY
EVT-0704,,,,,,,HLS-0522,2024-10-04 15:11:10,35.0,11.839200423452029,False,,,,HARD-ONLY
EVT-0705,,,,,,,HLS-0523,2024-10-04 15:37:40,43.0,13.60672102833218,False,,,,HARD-ONLY
EVT-0706,,,,,,,HLS-0524,2024-10-04 16:37:20,53.0,21.46625258399798,False,,,,HARD-ONLY
EVT-0707,,,,,,,HLS-0525,2024-10-04 16:44:10,40.0,13.880441875771345,False,,,,HARD-ONLY
EVT-0708,,,,,,,HLS-0526,2024-10-04 16:59:50,39.0,10.960155108391486,False,,,,HARD-ONLY
EVT-0709,,,,,,,HLS-0527,2024-10-04 17:18:20,113.0,34.666666666666664,False,,,,HARD-ONLY
EVT-0710,,,,,,,HLS-0530,2024-10-04 18:42:30,27.0,8.573214099741124,False,,,,HARD-ONLY
EVT-0711,,,,,,,HLS-0531,2024-10-04 18:51:20,57.0,18.89822365046136,False,,,,HARD-ONLY
EVT-0712,,,,,,,HLS-0533,2024-10-04 19:40:10,107.0,12.88174654072164,False,,,,HARD-ONLY
EVT-0713,,,,,,,HLS-0534,2024-10-04 19:51:40,60.0,8.94427190999916,False,,,,HARD-ONLY
EVT-0714,,,,,,,HLS-0536,2024-10-04 21:42:20,84.0,23.400854685246006,False,,,,HARD-ONLY
EVT-0715,,,,,,,HLS-0539,2024-10-04 22:52:20,84.0,20.22325394193526,False,,,,HARD-ONLY
EVT-0716,,,,,,,HLS-0541,2024-10-04 23:41:00,39.0,7.794228634059948,False,,,,HARD-ONLY
EVT-0717,,,,,,,HLS-0542,2024-10-04 23:54:20,33.0,8.0,False,,,,HARD-ONLY
EVT-0718,,,,,,,HLS-0543,2024-10-05 00:02:50,32.0,7.666666666666667,False,,,,HARD-ONLY
EVT-0719,,,,,,,HLS-0545,2024-10-05 00:20:10,134.0,28.37666812925096,False,,,,HARD-ONLY
EVT-0720,,,,,,,HLS-0546,2024-10-05 00:38:20,62.0,12.135347818116573,False,,,,HARD-ONLY
EVT-0721,,,,,,,HLS-0547,2024-10-05 01:26:50,209.0,82.8744029641642,False,,,,HARD-ONLY
EVT-0722,,,,,,,HLS-0550,2024-10-05 02:44:30,82.0,19.137156769770407,False,,,,HARD-ONLY
EVT-0723,,,,,,,HLS-0552,2024-10-05 03:05:50,176.0,40.0,False,,,,HARD-ONLY
EVT-0724,,,,,,,HLS-0553,2024-10-05 03:15:30,345.0,78.28747391140278,False,,,,HARD-ONLY
EVT-0725,,,,,,,HLS-0554,2024-10-05 03:24:20,181.0,37.78048259174127,False,,,,HARD-ONLY
EVT-0726,,,,,,,HLS-0555,2024-10-05 03:39:50,231.0,60.462321388549974,False,,,,HARD-ONLY
EVT-0727,,,,,,,HLS-0556,2024-10-05 03:53:40,629.0,107.40397061201139,False,,,,HARD-ONLY
EVT-0728,,,,,,,HLS-0557,2024-10-05 04:38:40,136.0,18.384776310850235,False,,,,HARD-ONLY
EVT-0729,,,,,,,HLS-0558,2024-10-05 04:58:40,271.0,46.95782189408956,False,,,,HARD-ONLY
EVT-0730,,,,,,,HLS-0559,2024-10-05 05:46:30,49.0,14.495689014324224,False,,,,HARD-ONLY
EVT-0731,,,,,,,HLS-0560,2024-10-05 05:56:50,52.0,15.556349186104045,False,,,,HARD-ONLY
EVT-0732,,,,,,,HLS-0563,2024-10-05 07:33:30,182.0,17.418593726458155,False,,,,HARD-ONLY
EVT-0733,,,,,,,HLS-0564,2024-10-05 08:27:40,1775.0,257.89317340497576,False,,,,HARD-ONLY
EVT-0734,,,,,,,HLS-0565,2024-10-05 09:22:30,566.0,197.28279195104673,False,,,,HARD-ONLY
EVT-0735,,,,,,,HLS-0566,2024-10-05 09:31:20,25.0,6.80336051416609,False,,,,HARD-ONLY
EVT-0736,,,,,,,HLS-0567,2024-10-05 09:59:30,31.0,9.071147352221454,False,,,,HARD-ONLY
EVT-0737,,,,,,,HLS-0568,2024-10-05 10:31:40,40.0,13.880441875771345,False,,,,HARD-ONLY
EVT-0738,,,,,,,HLS-0569,2024-10-05 10:58:50,23.0,7.462025072446365,False,,,,HARD-ONLY
EVT-0739,,,,,,,HLS-0570,2024-10-05 11:03:10,29.0,9.38971068066885,False,,,,HARD-ONLY
EVT-0740,,,,,,,HLS-0572,2024-10-05 11:35:00,79.0,17.371980724307587,False,,,,HARD-ONLY
EVT-0741,,,,,,,HLS-0573,2024-10-05 11:52:20,28.0,5.692099788303082,False,,,,HARD-ONLY
EVT-0742,,,,,,,HLS-0574,2024-10-06 00:03:40,25.0,6.010407640085654,False,,,,HARD-ONLY
EVT-0743,,,,,,,HLS-0576,2024-10-06 00:31:20,163.0,22.891214303913465,False,,,,HARD-ONLY
EVT-0744,,,,,,,HLS-0577,2024-10-06 01:04:10,134.0,35.21836642056717,False,,,,HARD-ONLY
EVT-0745,,,,,,,HLS-0578,2024-10-06 01:21:50,168.0,36.62287938048628,False,,,,HARD-ONLY
EVT-0746,,,,,,,HLS-0579,2024-10-06 01:33:00,500.0,90.10221468370847,False,,,,HARD-ONLY
EVT-0747,,,,,,,HLS-0580,2024-10-06 02:33:50,267.0,98.27076298239908,False,,,,HARD-ONLY
EVT-0748,,,,,,,HLS-0582,2024-10-06 04:37:30,49.0,19.677398201998148,False,,,,HARD-ONLY
EVT-0749,,,,,,,HLS-0585,2024-10-06 06:15:40,147.0,43.3232039443068,False,,,,HARD-ONLY
EVT-0750,,,,,,,HLS-0586,2024-10-06 06:38:50,44.0,9.237604307034013,False,,,,HARD-ONLY
EVT-0751,,,,,,,HLS-0587,2024-10-06 06:48:00,98.0,26.231486978265437,False,,,,HARD-ONLY
EVT-0752,,,,,,,HLS-0588,2024-10-06 06:56:10,73.0,16.641005886756876,False,,,,HARD-ONLY
EVT-0753,,,,,,,HLS-0589,2024-10-06 07:32:50,64.0,21.54397496152595,False,,,,HARD-ONLY
EVT-0754,,,,,,,HLS-0590,2024-10-06 07:49:20,35.0,11.839200423452029,False,,,,HARD-ONLY
EVT-0755,,,,,,,HLS-0592,2024-10-06 09:04:20,38.0,14.758048651498612,False,,,,HARD-ONLY
EVT-0756,,,,,,,HLS-0594,2024-10-06 10:28:40,124.0,53.218417864494995,False,,,,HARD-ONLY
EVT-0757,,,,,,,HLS-0595,2024-10-06 10:43:40,194.0,76.75067860720625,False,,,,HARD-ONLY
EVT-0758,,,,,,,HLS-0596,2024-10-06 10:54:30,28.0,7.071067811865475,False,,,,HARD-ONLY
EVT-0759,,,,,,,HLS-0597,2024-10-06 11:14:50,41.0,14.288690166235208,False,,,,HARD-ONLY
EVT-0760,,,,,,,HLS-0598,2024-10-06 11:21:40,27.0,8.573214099741124,False,,,,HARD-ONLY
EVT-0761,,,,,,,HLS-0600,2024-10-06 12:37:00,44.0,17.44133022449836,False,,,,HARD-ONLY
EVT-0762,,,,,,,HLS-0601,2024-10-06 12:48:50,27.0,8.573214099741124,False,,,,HARD-ONLY
EVT-0763,,,,,,,HLS-0602,2024-10-06 13:16:00,25.0,6.010407640085654,False,,,,HARD-ONLY
EVT-0764,,,,,,,HLS-0603,2024-10-06 13:28:00,127.0,42.072853480599576,False,,,,HARD-ONLY
EVT-0765,,,,,,,HLS-0604,2024-10-06 13:39:20,136.0,39.844698518121575,False,,,,HARD-ONLY
EVT-0766,,,,,,,HLS-0606,2024-10-06 13:59:30,54.0,11.371354022617197,False,,,,HARD-ONLY
EVT-0767,,,,,,,HLS-0607,2024-10-06 14:17:20,277.0,68.93587725135434,False,,,,HARD-ONLY
EVT-0768,,,,,,,HLS-0608,2024-10-06 14:39:10,74.0,20.23857702507763,False,,,,HARD-ONLY
EVT-0769,,,,,,,HLS-0611,2024-10-06 15:27:00,106.0,15.689290811054724,False,,,,HARD-ONLY
EVT-0770,,,,,,,HLS-0612,2024-10-06 15:58:20,93.0,39.354796403996296,False,,,,HARD-ONLY
EVT-0771,,,,,,,HLS-0613,2024-10-06 16:34:50,68.0,18.3412104289766,False,,,,HARD-ONLY
EVT-0772,,,,,,,HLS-0615,2024-10-06 17:15:40,211.0,60.30226891555272,False,,,,HARD-ONLY
EVT-0773,,,,,,,HLS-0616,2024-10-06 17:50:40,79.0,33.09380606699688,False,,,,HARD-ONLY
EVT-0774,,,,,,,HLS-0617,2024-10-06 18:02:20,33.0,9.827076298239907,False,,,,HARD-ONLY
EVT-0775,,,,,,,HLS-0620,2024-10-06 18:47:30,74.0,13.82453062707098,False,,,,HARD-ONLY
EVT-0776,,,,,,,HLS-0622,2024-10-06 19:31:30,135.0,33.83671196973898,False,,,,HARD-ONLY
EVT-0777,,,,,,,HLS-0623,2024-10-06 19:46:20,61.0,18.738329701443508,False,,,,HARD-ONLY
EVT-0778,,,,,,,HLS-0624,2024-10-06 20:09:10,38.0,11.716898663286043,False,,,,HARD-ONLY
EVT-0779,,,,,,,HLS-0626,2024-10-06 21:05:10,535.0,144.7767512147848,False,,,,HARD-ONLY
EVT-0780,,,,,,,HLS-0627,2024-10-06 22:02:20,37.0,10.253048327204938,False,,,,HARD-ONLY
EVT-0781,,,,,,,HLS-0628,2024-10-06 23:51:10,112.0,50.67598598503591,False,,,,HARD-ONLY
EVT-0782,,,,,,,HLS-0629,2024-10-06 23:57:30,88.0,37.11872842649651,False,,,,HARD-ONLY
EVT-0783,,,,,,,HLS-0630,2024-10-07 00:20:00,48.0,17.146428199482248,False,,,,HARD-ONLY
EVT-0784,,,,,,,HLS-0631,2024-10-07 00:35:10,71.0,24.18972627259054,False,,,,HARD-ONLY
EVT-0785,,,,,,,HLS-0632,2024-10-07 01:09:20,22.0,6.531972647421809,False,,,,HARD-ONLY
EVT-0786,,,,,,,HLS-0633,2024-10-07 01:16:40,55.0,22.360679774997894,False,,,,HARD-ONLY
EVT-0787,,,,,,,HLS-0634,2024-10-07 02:08:20,34.0,12.969194269498779,False,,,,HARD-ONLY
EVT-0788,,,,,,,HLS-0635,2024-10-07 03:18:40,23.0,8.049844718999243,False,,,,HARD-ONLY
EVT-0789,,,,,,,HLS-0636,2024-10-07 03:38:40,66.0,22.299903907544405,False,,,,HARD-ONLY
EVT-0790,,,,,,,HLS-0638,2024-10-07 04:33:30,62.0,12.828539611796371,False,,,,HARD-ONLY
EVT-0791,,,,,,,HLS-0639,2024-10-07 04:40:20,81.0,18.85980667165779,False,,,,HARD-ONLY
EVT-0792,,,,,,,HLS-0640,2024-10-07 05:11:40,35.0,6.10170215847752,False,,,,HARD-ONLY
EVT-0793,,,,,,,HLS-0642,2024-10-07 06:09:10,115.0,44.49906366056107,False,,,,HARD-ONLY
EVT-0794,,,,,,,HLS-0643,2024-10-07 07:34:20,14.0,5.0,False,,,,HARD-ONLY
EVT-0795,,,,,,,HLS-0644,2024-10-07 09:08:40,272.0,56.74651237447696,False,,,,HARD-ONLY
EVT-0796,,,,,,,HLS-0648,2024-10-07 13:11:10,34.0,9.676431849257934,False,,,,HARD-ONLY
EVT-0797,,,,,,,HLS-0649,2024-10-07 13:53:20,88.0,28.2842712474619,False,,,,HARD-ONLY
EVT-0798,,,,,,,HLS-0650,2024-10-07 14:15:00,139.0,46.31549416771886,False,,,,HARD-ONLY
EVT-0799,,,,,,,HLS-0651,2024-10-07 15:45:50,52.0,21.01903898849802,False,,,,HARD-ONLY
EVT-0800,,,,,,,HLS-0652,2024-10-07 15:58:40,69.0,23.433797326572087,False,,,,HARD-ONLY
EVT-0801,,,,,,,HLS-0653,2024-10-07 16:17:30,74.0,21.666666666666668,False,,,,HARD-ONLY
EVT-0802,,,,,,,HLS-0654,2024-10-07 16:44:40,61.0,20.41008154249827,False,,,,HARD-ONLY
EVT-0803,,,,,,,HLS-0655,2024-10-07 17:33:40,88.0,33.47635981803677,False,,,,HARD-ONLY
EVT-0804,,,,,,,HLS-0656,2024-10-07 18:09:50,1105.0,239.52598005634215,False,,,,HARD-ONLY
EVT-0805,,,,,,,HLS-0659,2024-10-07 20:38:40,11418.0,61.789871535365634,False,,,,HARD-ONLY
EVT-0806,,,,,,,HLS-0660,2024-10-07 23:26:00,420.0,8.629871583303183,False,,,,HARD-ONLY
EVT-0807,,,,,,,HLS-0661,2024-10-07 23:58:40,288.0,9.205936028467576,False,,,,HARD-ONLY
EVT-0808,,,,,,,HLS-0662,2024-10-08 01:02:10,744.0,100.45894683899489,False,,,,HARD-ONLY
EVT-0809,,,,,,,HLS-0663,2024-10-08 02:51:20,54.0,19.595917942265427,False,,,,HARD-ONLY
EVT-0810,,,,,,,HLS-0664,2024-10-08 03:46:10,82.0,31.02687007525359,False,,,,HARD-ONLY
EVT-0811,,,,,,,HLS-0665,2024-10-08 04:01:30,49.0,13.891385396543216,False,,,,HARD-ONLY
EVT-0812,,,,,,,HLS-0666,2024-10-08 05:55:40,56.0,13.063945294843618,False,,,,HARD-ONLY
EVT-0813,,,,,,,HLS-0667,2024-10-08 06:18:20,139.0,30.75,False,,,,HARD-ONLY
EVT-0814,,,,,,,HLS-0668,2024-10-08 06:52:00,72.0,19.60612149304395,False,,,,HARD-ONLY
EVT-0815,,,,,,,HLS-0669,2024-10-08 07:40:10,107.0,35.0017856687341,False,,,,HARD-ONLY
EVT-0816,,,,,,,HLS-0672,2024-10-08 10:04:00,33.0,11.726039399558573,False,,,,HARD-ONLY
EVT-0817,,,,,,,HLS-0675,2024-10-08 13:01:50,39.0,15.205262246998569,False,,,,HARD-ONLY
EVT-0818,,,,,,,HLS-0676,2024-10-08 13:34:00,30.0,9.797958971132713,False,,,,HARD-ONLY
EVT-0819,,,,,,,HLS-0677,2024-10-08 15:53:30,15.0,5.5,False,,,,HARD-ONLY
EVT-0820,,,,,,,HLS-0678,2024-10-08 16:43:50,27.0,8.573214099741124,False,,,,HARD-ONLY
EVT-0821,,,,,,,HLS-0679,2024-10-08 17:08:40,35.0,9.089425012552969,False,,,,HARD-ONLY
EVT-0822,,,,,,,HLS-0683,2024-10-08 21:12:30,18.0,5.813776741499453,False,,,,HARD-ONLY
EVT-0823,,,,,,,HLS-0684,2024-10-08 23:20:10,47.0,18.78297101099823,False,,,,HARD-ONLY
EVT-0824,,,,,,,HLS-0685,2024-10-08 23:33:10,52.0,21.01903898849802,False,,,,HARD-ONLY
EVT-0825,,,,,,,HLS-0687,2024-10-09 00:40:40,32.0,10.61445555206044,False,,,,HARD-ONLY
EVT-0826,,,,,,,HLS-0690,2024-10-09 07:27:50,189.0,16.388720631410685,False,,,,HARD-ONLY
EVT-0827,,,,,,,HLS-0693,2024-10-09 11:31:10,96.0,6.714285714285714,False,,,,HARD-ONLY
EVT-0828,,,,,,,HLS-0694,2024-10-09 12:10:30,574.0,75.0,False,,,,HARD-ONLY
EVT-0829,,,,,,,HLS-0696,2024-10-09 15:05:10,126.0,14.275485059507105,False,,,,HARD-ONLY
EVT-0830,,,,,,,HLS-0698,2024-10-09 16:41:50,508.0,71.90536108233484,False,,,,HARD-ONLY
EVT-0831,,,,,,,HLS-0699,2024-10-09 19:57:10,90.0,8.713146327183937,False,,,,HARD-ONLY
EVT-0832,,,,,,,HLS-0701,2024-10-09 21:17:10,123.0,14.5,False,,,,HARD-ONLY
EVT-0833,,,,,,,HLS-0702,2024-10-09 22:36:10,74.0,5.60448538317805,False,,,,HARD-ONLY
EVT-0834,,,,,,,HLS-0703,2024-10-09 22:50:30,117.0,10.73312629199899,False,,,,HARD-ONLY
EVT-0835,,,,,,,HLS-0704,2024-10-09 23:00:30,96.0,5.436364047233597,False,,,,HARD-ONLY
EVT-0836,,,,,,,HLS-0706,2024-10-24 00:19:50,59.0,21.637159394584742,False,,,,HARD-ONLY
EVT-0837,,,,,,,HLS-0707,2024-10-24 01:17:00,28.0,10.285912696499032,False,,,,HARD-ONLY
EVT-0838,,,,,,,HLS-0708,2024-10-24 02:01:50,80.0,33.54101966249684,False,,,,HARD-ONLY
EVT-0839,,,,,,,HLS-0709,2024-10-24 02:49:10,24.0,10.0,False,,,,HARD-ONLY
EVT-0840,,,,,,,HLS-0710,2024-10-24 03:22:40,43.0,16.994116628998402,False,,,,HARD-ONLY
EVT-0841,,,,,,,HLS-0712,2024-10-24 09:30:10,56.0,8.049844718999243,False,,,,HARD-ONLY
EVT-0842,,,,,,,HLS-0714,2024-10-24 12:48:30,67.0,12.393546707863734,False,,,,HARD-ONLY
EVT-0843,,,,,,,HLS-0715,2024-10-24 13:26:00,40.0,15.652475842498527,False,,,,HARD-ONLY
EVT-0844,,,,,,,HLS-0716,2024-10-24 15:57:40,100.0,42.485291572496,False,,,,HARD-ONLY
EVT-0845,,,,,,,HLS-0717,2024-10-24 16:22:30,26.0,7.181324987175317,False,,,,HARD-ONLY
EVT-0846,,,,,,,HLS-0718,2024-10-24 18:09:00,28.0,10.285912696499032,False,,,,HARD-ONLY
EVT-0847,,,,,,,HLS-0719,2024-10-24 18:27:20,40.0,13.880441875771345,False,,,,HARD-ONLY
EVT-0848,,,,,,,HLS-0720,2024-10-24 18:39:00,35.0,10.583005244258361,False,,,,HARD-ONLY
EVT-0849,,,,,,,HLS-0722,2024-10-24 22:58:30,14.0,5.0,False,,,,HARD-ONLY
EVT-0850,,,,,,,HLS-0723,2024-10-25 14:51:30,23.0,9.5,False,,,,HARD-ONLY
EVT-0851,,,,,,,HLS-0724,2024-10-25 16:39:30,128.0,55.00727224649482,False,,,,HARD-ONLY
EVT-0852,,,,,,,HLS-0725,2024-10-25 16:53:40,27.0,9.838699100999074,False,,,,HARD-ONLY
EVT-0853,,,,,,,HLS-0728,2024-10-25 18:04:10,36.0,10.96096971726759,False,,,,HARD-ONLY
EVT-0854,,,,,,,HLS-0730,2024-10-25 20:36:00,28.0,8.981462390204987,False,,,,HARD-ONLY
EVT-0855,,,,,,,HLS-0732,2024-10-25 23:33:20,48.0,17.146428199482248,False,,,,HARD-ONLY
EVT-0856,,,,,,,HLS-0734,2024-10-26 00:58:20,52.0,21.01903898849802,False,,,,HARD-ONLY
EVT-0857,,,,,,,HLS-0735,2024-10-26 01:23:50,41.0,11.667261889578034,False,,,,HARD-ONLY
EVT-0858,,,,,,,HLS-0736,2024-10-26 01:49:20,28.0,7.937253933193771,False,,,,HARD-ONLY
EVT-0859,,,,,,,HLS-0738,2024-10-26 02:46:20,31.0,10.206207261596576,False,,,,HARD-ONLY
EVT-0860,,,,,,,HLS-0739,2024-10-26 03:00:20,21.0,6.123724356957946,False,,,,HARD-ONLY
EVT-0861,,,,,,,HLS-0740,2024-10-26 03:11:40,24.0,5.65685424949238,False,,,,HARD-ONLY
EVT-0862,,,,,,,HLS-0742,2024-10-26 04:48:10,22.0,7.602631123499284,False,,,,HARD-ONLY
EVT-0863,,,,,,,HLS-0743,2024-10-26 05:02:50,26.0,7.181324987175317,False,,,,HARD-ONLY
EVT-0864,,,,,,,HLS-0744,2024-10-26 05:22:00,136.0,39.52847075210474,False,,,,HARD-ONLY
EVT-0865,,,,,,,HLS-0746,2024-10-26 06:56:50,30994.0,170.65365172505776,False,,,,HARD-ONLY
EVT-0866,,,,,,,HLS-0747,2024-10-26 21:10:50,49.0,8.778762251403478,False,,,,HARD-ONLY
EVT-0867,,,,,,,HLS-0749,2024-10-26 23:30:20,57.0,10.25,False,,,,HARD-ONLY
EVT-0868,,,,,,,HLS-0750,2024-10-29 02:12:20,42.0,10.119288512538814,False,,,,HARD-ONLY
EVT-0869,,,,,,,HLS-0752,2024-10-29 05:10:20,49.0,12.33288287465668,False,,,,HARD-ONLY
EVT-0870,,,,,,,HLS-0753,2024-10-29 07:30:20,27.0,5.375872022286244,False,,,,HARD-ONLY
EVT-0871,,,,,,,HLS-0755,2024-10-29 08:52:00,74.0,17.8978583448784,False,,,,HARD-ONLY
EVT-0872,,,,,,,HLS-0758,2024-10-29 12:18:50,42.0,10.119288512538814,False,,,,HARD-ONLY
EVT-0873,,,,,,,HLS-0762,2024-10-29 21:35:50,114.0,40.44219861198731,False,,,,HARD-ONLY
EVT-0874,,,,,,,HLS-0763,2024-10-29 23:12:30,30.0,8.693182879212225,False,,,,HARD-ONLY
EVT-0875,,,,,,,HLS-0764,2024-10-30 00:47:20,39.0,12.09486313629527,False,,,,HARD-ONLY
EVT-0876,,,,,,,HLS-0765,2024-10-30 04:13:20,28.0,10.285912696499032,False,,,,HARD-ONLY
EVT-0877,,,,,,,HLS-0766,2024-10-30 05:27:50,27.0,8.573214099741124,False,,,,HARD-ONLY
EVT-0878,,,,,,,HLS-0767,2024-10-30 06:16:10,41.0,12.247448713915892,False,,,,HARD-ONLY
EVT-0879,,,,,,,HLS-0768,2024-10-30 20:53:40,17171.0,22.4083872775344,False,,,,HARD-ONLY
EVT-0880,,,,,,,HLS-0769,2024-10-30 22:36:30,38.0,11.716898663286043,False,,,,HARD-ONLY
EVT-0881,,,,,,,HLS-0770,2024-10-30 22:49:20,26.0,6.363961030678928,False,,,,HARD-ONLY
EVT-0882,,,,,,,HLS-0771,2024-10-30 23:13:30,59.0,15.495160534825057,False,,,,HARD-ONLY
